4270261,precision,0.0,recall,0.0,['query response', 'response time', 'evaluation purpose', 'empirical evaluations', 'complexity analysis', 'state-of-the-art multimodal', 'performance comparison', 'multimedia database', 'database scale', 'mining method']
58630,precision,0.2,recall,0.5,['large numbers', 'large datasets', 'large problems', 'non-parametric clustering', 'model-based clustering', 'hierarchical clustering', 'clustering methods', 'difficult situation', 'groups present', 'distinct groups']
4794787,precision,0.0,recall,0.0,['mining algorithms', 'discovery process', 'user-centered process', 'knowledge discovery', 'kdd process', 'entire process', 'discovery system', 'medical datasets', 'visualization tools', 'system d2ms']
902409,precision,0.0,recall,0.0,['quality assurance', 'reliable extraction', 'patient records', 'extract key', 'clinical information', 'structured clinical', 'key clinical', 'clinical data', 'bayesian framework', 'unstructured clinical']
11980488,precision,0.1,recall,0.2,['basis functions', 'functional space', 'loss function', 'structure relationships', 'classification algorithm', 'classification models', 'norm penalty', 'algorithms based', 'graph classification', 'grouping effect']
434661,precision,0.0,recall,0.0,['periodic patterns', 'asynchronous periodic', 'time series', 'mining asynchronous', 'series data']
980627,precision,0.0,recall,0.0,['learning algorithm', 'workflow models', 'workflow representation', 'world workflow', 'polynomial time', 'probabilistic workflow', 'mine workflow', 'normative workflow', 'learning tools', 'example data']
27107,precision,0.1,recall,0.16666666666666666,['association rules', 'modeling techniques', 'customer ranking', 'techniques such', 'transaction data', 'basis transactions', 'profiling techniques', 'transaction-data modeling', 'probabilistic modeling', 'mixture model']
9479071,precision,0.3,recall,0.3,['possible instances', 'next instance', 'compute erm', 'semi-supervised learning', 'comparable performance', 'learning problem', 'candidate set', 'active learning', 'within-network learning', 'data active']
1225233,precision,0.1,recall,0.25,['visualization technique', 'easy-to-interpret visualization', 'model visualization', 'case studies', 'data sets', 'ratio scale', 'predictive feature', 'odds ratio', 'internal structure', 'predictive factors']
303639,precision,0.0,recall,0.0,['synthetic data', 'eachmovie datasets', 'clustering algorithms', 'clustering model', 'present results', 'overlapping clusters', 'biological datasets', 'world datasets', 'algorithm modifications', 'necessary algorithm']
4738342,precision,0.3,recall,0.6,['individual classifications', 'classification threshold', 'individual cases', 'cost quantification', 'class priors', 'class distribution', 'empirical tests', 'test set', 'sweep methods', 'learning research']
9662316,precision,0.1,recall,0.2,['network connectivity', 'relational learning', 'learning methods', 'network information', 'discriminative learning', 'same network', 'diverse relations', 'network format', 'latent social', 'representative relational']
9389455,precision,0.2,recall,0.4,['experimental results', 'training pages', 'page level', 'web pages', 'traditional learning', 'traditional methods', 'learning methods', 'opinion mining', 'contextual advertisement', 'sub-document classification']
552094,precision,0.1,recall,0.25,['monitoring rating', 'experimental results', 'rating distributions', 'window size', 'attack event', 'item ratings', 'shilling attacks', 'consecutive ratings', 'attack profiles', 'attack detection']
9965882,precision,0.1,recall,0.5,['assessing performance', 'page-hinkley test', 'streaming applications', 'error estimated', 'hypothesis testing', 'predictive stream', 'stream learning', 'data streams', 'mcnemar test', 'holdout estimates']
4740231,precision,0.2,recall,0.6666666666666666,['job scheduling', 'opportunistic job', 'enterprise systems', 'new systems', 'various systems', 'several approaches', 'performance targets', 'prediction methods', 'performance forecasting', 'real data']
3744882,precision,0.0,recall,0.0,['data mining', 'mining process', 'quality levels', 'recall quality', 'mining mass', 'web data', 'mining dynamic', 'user profiles', 'usage mining', 'correct profiles']
10005232,precision,0.1,recall,0.16666666666666666,['feature groups', 'feature selection', 'dense feature', 'stable feature', 'dense group', 'selection algorithms', 'attribute group', 'redundant features', 'many feature', 'general framework']
4306370,precision,0.0,recall,0.0,['significant levels', 'close-knit individuals', 'national association', 'other sets', 'risk scores', 'employment records', 'securities dealers', 'large-scale trends', 'community structure', 'employment patterns']
11669627,precision,0.0,recall,0.0,['classification algorithm', 'binary classification', 'binary classifier', 'test time', 'alternative approaches', 'offset tree', 'information setting', 'partial information', 'several alternative', 'optimal reduction']
9133885,precision,0.2,recall,0.6666666666666666,['factorization relational', 'factorization model', 'error models', 'optimization algorithms', 'matrix factorization', 'projection algorithms', 'multiple relations', 'factorization methods', 'pairwise relational', 'relational learning']
1209092,precision,0.1,recall,0.25,['result section', 'competitive performance', 'combining multiple', 'experimental result', 'data clustering', 'combined solution', 'combination approaches', 'multiple clustering', 'multiple classifications', 'clustering solutions']
794717,precision,0.0,recall,0.0,['bioinformatics dataset', 'large datasets', 'application case', 'same set', 'case studies', 'same time', 'object sets', 'set system', 'large english', 'search procedure']
303682,precision,0.3,recall,0.6,['hybrid clustering', 'model-based clustering', 'clustering method', 'corresponding clusters', 'clustering algorithm', 'nonparametric clustering', 'cluster tree', 'new clustering', 'bayesian information', 'information criterion']
10001128,precision,0.0,recall,0.0,['commercial setting', 'effective methods', 'problem entity', 'problem concrete', 'product names', 'experimental results', 'multiple products', 'large number', 'forum posts', 'sentence talks']
5133167,precision,0.1,recall,0.16666666666666666,['evaluation score', 'evaluation data', 'controversial object', 'statistical deviation', 'real-life data', 'evaluation activities', 'statistical approaches', 'reinforcement model', 'data-centric approach', 'standard statistical']
510197,precision,0.0,recall,0.0,['regression models', 'trajectory clustering']
89079,precision,0.2,recall,0.4,['discovery algorithm', 'motif discovery', 'time series', 'series motifs', 'probabilistic discovery', 'important time', 'novel algorithm', 'candidate motifs', 'pattern discovery', 'motifs several']
5169771,precision,0.1,recall,0.25,['previous approaches', 'previous applications', 'superior results', 'time algorithms', 'uniform scaling', 'motif discovery', 'work isthat', 'slight changes', 'motion capture', 'motifdiscovery algorithms']
11482753,precision,0.1,recall,0.25,['document classification', 'learning methods', 'adaptation method', 'distribution difference', 'source domain', 'domain adaptation', 'distribution gap', 'multiple classes', 'underlying distributions', 'target domains']
9683909,precision,0.1,recall,0.25,['frequent patterns', 'pattern algorithm', 'discriminative pattern', 'support patterns', 'pattern mining', 'unique patterns', 'memory consumption', 'huge memory', 'difficult graph', 'state-of-the-art frequent']
329505,precision,0.2,recall,0.5,['quantitative attributes', 'two-level pruning', 'quality measure', 'mining quantitative', 'quantitative intervals', 'mutual information', 'finer granularity', 'quantitative correlated', 'mining correlations', 'quantitative databases']
524908,precision,0.1,recall,0.25,['carefully-designed heuristics', 'theoretical findings', 'outlier computation', 'distance-based outliers', 'i\\/o efficiency', 'novel algorithm', 'i\\/o cost', 'additional memory', 'memory consumption', 'memory capacity']
14987,precision,0.0,recall,0.0,['medium data', 'data sets', 'data streams', 'mining data', 'tree algorithm', 'bias-variance analysis', 'classification techniques', 'high-speed data', 'medium size', 'continuous data']
14125260,precision,0.0,recall,0.0,['dsgd implementation', 'scalability properties', 'process theory', 'stochastic approximation', 'practical techniques', 'approximation theory', 'stochastic optimization', 'stochastic gradient', 'iterative stochastic', 'wide variety']
9419452,precision,0.0,recall,0.0,['partial label', 'label learning', 'fully-labeled data', 'data sets', 'different data', 'label information', 'learning problem', 'reasonable performance', 'learning framework', 'learning approach']
10201372,precision,0.1,recall,0.25,['supervised models', 'other models', 'base model', 'model due', 'accurate model', 'unsupervised clustering', 'quality measure', 'consensus learning', 'clustering quality', 'newsgroups data']
2353166,precision,0.5,recall,0.25,['test data', 'vlsi testing', 'ic test', 'mining ic']
676107,precision,0.25,recall,0.25,['vector machine', 'machine classifiers', 'support vector', 'data selection']
9729483,precision,0.1,recall,0.5,['informative clusters', 'information network', 'clustering results', 'heterogeneous networks', 'ranking-based clustering', 'cluster membership', 'model algorithm', 'accurate clustering', 'new algorithm', 'network schema']
13755742,precision,0.0,recall,0.0,['data likelihood', 'data sets', 'community outliers', 'networked data', 'modeling networked', 'community information', 'synthetic data', 'blog data', 'web data', 'dblp data']
698383,precision,0.0,recall,0.0,['data source', 'series data', 'data stream', 'data analysis', 'market data', 'past data', 'data mining', 'non-stationary time', 'auto-regression models', 'probabilistic model']
4711482,precision,0.0,recall,0.0,['card transaction', 'transaction application', 'credit card', 'semantic graphs', 'idas data', 'application domains', 'rule-based algorithms', 'test data', 'data set', 'data sources']
13755977,precision,0.2,recall,0.6666666666666666,['ranking results', 'ranking algorithm', 'ranked objects', 'quality ranking', 'ranking model', 'ranking distribution', 'graph-based ranking', 'current ranking', 'meaningful ranking', 'iterative classification']
9109385,precision,0.1,recall,0.3333333333333333,['transaction data', 'anonymizing transaction', 'privacy notion', 'transaction databases', 'detailed transaction', 'satisfactory privacy', 'data mining', 'data subjects', 'individual privacy', 'anonymization methods']
4604920,precision,0.1,recall,0.5,['performance study', 'groups cube', 'quotient cube', 'data cube', 'history tuple', 'efficient algorithms', 'cube pre-computation', 'hard problem', 'storage space', 'cube cells']
1239715,precision,0.0,recall,0.0,['donation data', 'kdd cup', 'promotion data', 'decision rules', 'cost-sensitive decision', 'data mining', 'well-known kdd', 'decision making', 'learn decision', 'sequential decision']
3859887,precision,0.2,recall,0.5,['frequent patterns', 'semantic pattern', 'pattern annotations', 'pattern mining', 'similar patterns', 'synonym patterns', 'semantic classes', 'semantic annotations', 'semantic relations', 'generating semantic']
10164574,precision,0.1,recall,0.3333333333333333,['unsupervised fashion', 'em algorithm', 'semi-synthetic data', 'extensive experiments', 'entity attributes', 'such attributes', 'categorization research', 'domains such', 'person entities', 'document categorization']
10201458,precision,0.1,recall,0.16666666666666666,['mining algorithms', 'algorithm isa', 'analysis framework', 'real-valued patterns', 'rap framework', 'several algorithms', 'pattern mining', 'functional classes', 'specific examples', 'real-valued data']
14051997,precision,0.1,recall,0.3333333333333333,['influence-maximization problem', 'scalable approach', 'data analysis', 'sparsified models', 'independent-cascade model', 'exhaustive-search approach', 'significant improvements', 'descriptive data', 'pre-processing step', 'little accuracy']
9642833,precision,0.0,recall,0.0,['world datasets', 'index datasets', 'business domains', 'exact search', 'massive datasets', 'approximate search', 'mining algorithms', 'data mining', 'mining time', 'exact mining']
340719,precision,0.25,recall,0.25,['information extraction', 'extraction rules', 'approximate information', 'explicit bias']
925579,precision,0.0,recall,0.0,['bibliographic citations', 'bibliographic coupling', 'kernel methods', 'relatedness measures', 'practical issues', 'analysis measures', 'coupling relatedness', 'measures intermediate', 'neumann kernels', 'co-citation relatedness']
10561862,precision,0.3,recall,0.6,['aggregate information', 'real-world examples', 'heap profiling', 'heap dump', 'real-world applications', 'graph mining', 'access path', 'state-of-the-art tools', 'memory leaks', 'classical graph']
460977,precision,0.1,recall,0.125,['association rule', 'several rule', 'rule discovery', 'microarray data', 'rule evaluation', 'post-analysis stage', 'rule grouping', 'data mining', 'different data', 'several questions']
9624095,precision,0.1,recall,0.3333333333333333,['query aspects', 'query reformulations', 'click-through data', 'broad query', 'human-judged accuracy', 'such queries', 'single-keyword reformulations', 'latent aspects', 'latent query', 'strong baseline']
959147,precision,0.1,recall,0.3333333333333333,['contrast patterns', 'multi-dimensional datasets', 'such patterns', 'patterns using', 'diagrams patterns', 'zbdd technique', 'performance study', 'mining such', 'new technique', 'art mining']
9621454,precision,0.1,recall,0.16666666666666666,['mining tasks', 'various evaluations', 'knowledge extraction', 'data mining', 'knowledge enhancement', 'life science', 'computational knowledge', 'various bio-imaging', 'biological figures', 'information retrieval']
4422616,precision,0.0,recall,0.0,['unsupervised learning', 'unsupervised hedge', 'learning setting', 'sources pattern', 'aggregation techniques', 'techniques such', 'alternative techniques', 'hedge algorithm', 'mining algorithms', 'experimental results']
997055,precision,0.2,recall,0.6666666666666666,['real datasets', 'compact summarization', 'itemset patterns', 'original dataset', 'restoration error', 'frequent patterns', 'empirical studies', 'quality measure', 'time algorithms', 'polynomial time']
13809567,precision,0.2,recall,0.16666666666666666,['regression algorithm', 'margin-based classifiers', 'cox feature', 'selection algorithm', 'concordance index', 'cox model', 'feature selection', 'learning approach', 'traditional approaches', 'robust features']
663987,precision,0.0,recall,0.0,['physical interpretation', 'climate indices', 'other indices', 'earth science', 'known indices', 'science phenomena', 'other centroids', 'predictive power', 'land climate', 'earth scientists']
1167659,precision,0.1,recall,0.16666666666666666,['computational overhead', 'rule weighting', 'weighting schemes', 'empirical results', 'minimal computational', 'rule validation', 'comprehensible rules', 'lerad algorithm', 'associate weights', 'high coverage']
11279489,precision,0.0,recall,0.0,['experimental processes', 'web applications', 'overall experimental', 'other web', 'experimental environment', 'experiment infrastructure', 'search engines', 'experiment system', 'users experience', 'educational processes']
4882089,precision,0.0,recall,0.0,['time complexities', 'frequent episode', 'space complexities', 'spaceand time', 'episode discovery', 'new algorithms', 'efficient algorithms', 'fast algorithm', 'streams frequent', 'simulation experiments']
10925003,precision,0.0,recall,0.0,['several months', 'communication services', 'large datasets', 'communication networks', 'patterns such', 'human communication', 'different type', 'personal communication', 'large human', 'surprising patterns']
10971362,precision,0.1,recall,0.16666666666666666,['execution traces', 'case studies', 'discriminative features', 'classification technique', 'program execution', 'approach software', 'technique first', 'feature selection', 'failure detection', 'benchmark software']
3809174,precision,0.1,recall,0.2,['support systems', 'linear classifiers', 'extraction algorithm', 'medical dataset', 'such classifiers', 'linear support', 'real-world datasets', 'medical-decision support', 'optimization criteria', 'optimization problem']
9727373,precision,0.0,recall,0.0,['databases probabilistic', 'probabilistic formulations', 'probabilistic frequent', 'straight-forward approaches', 'probabilistic context', 'first approach', 'new probabilistic', 'existential uncertainty', 'transaction databases', 'uncertain transaction']
10151654,precision,0.0,recall,0.0,['continuous-valued time', 'data mining', 'data streams', 'series data', 'time series', 'data center', 'frequent episode', 'temporal data', 'numeric time', 'episode mining']
5070260,precision,0.0,recall,0.0,['space complexities', 'previous approaches', 'complexity advantages', 'time complexity', 'synopsis space', 'synopsis algorithm', 'space budget', 'hierarchical synopsis', 'minimum-space synopsis', 'construction algorithm']
9606991,precision,0.2,recall,0.6666666666666666,['visualizing documents', 'topic model', 'em algorithm', 'visualization space', 'topic proportions', 'similar topics', 'visualization method', 'conventional visualization', 'semantic visualization', 'data sets']
103469,precision,0.1,recall,0.2,['data record', 'regression analysis', 'data mining', 'data owners\\/agencies', 'proprietary data', 'beneficial data', 'data owners', 'regression coefficients', 'multiple data', 'regression analyses']
13928451,precision,0.2,recall,0.6666666666666666,['synthetic datasets', 'probabilistic databases', 'probabilistic data', 'effcient algorithms', 'association rules', 'frequent patterns', 'probabilistic guarantees', 'extensive experiments', 'maximal frequent', 'world semantics']
2916145,precision,0.0,recall,0.0,['density region', 'maximum density', 'rectangular region', 'maximum score', 'data structure', 'dense regions', 'simulated datasets', 'significant spatial', 'tree data', 'overlap-kd tree']
93113,precision,0.0,recall,0.0,['vertical mining', 'vertical tid', 'vertical data', 'mining algorithms', 'mining methods', 'candidate pattern', 'previous vertical', 'vertical format', 'fast vertical', 'novel vertical']
954813,precision,0.3,recall,0.42857142857142855,['learning methods', 'training data', 'em algorithm', 'domain constraints', 'data mining', 'real sensor', 'object-tracking algorithms', 'sensor network', 'labeled training', 'semi-supervised mining']
13083411,precision,0.1,recall,0.25,['clustering algorithm', 'clustered graph', 'deterministic algorithm', 'algorithm metis', 'personalized graph', 'graphs link', 'online algorithms', 'disk page', 'graph search', 'cluster boundaries']
406323,precision,0.1,recall,0.16666666666666666,['process web', 'web usage', 'web content', 'web personalization', 'web site', 'personalization process', 'usage data', 'mining process', 'usage mining', 'usage logs']
13802275,precision,0.1,recall,0.3333333333333333,['new friend', 'friend network', 'vulnerable friend', 'media friends', 'new security', 'entire friend', 'security risk', 'networking security', 'secure user', 'user privacy']
9759716,precision,0.1,recall,0.25,['user behavior', 'post-result user', 'properties such', 'user activity', 'various properties', 'study user', 'post-result behavior', 'implicit user', 'user feedback', 'search results']
9463669,precision,0.2,recall,0.5,['privacy privacy', 'data privacy', 'preserving privacy', 'differential privacy', 'anonymized data', 'anonymized releases', 'anonymization schemes', 'modular design', 'important class', 'large class']
4453627,precision,0.0,recall,0.0,['real-world dataset', 'tree-structured markov', 'markov model', 'pre-existing hierarchies', 'mining applications', 'scale data', 'data mining', 'sparse data', 'multiple resolutions', 'rare events']
112222,precision,0.2,recall,0.2,['customer-item recommendation', 'recommendation method', 'promotion-tunable customer-item', 'independent probabilities', 'fast promotion-tunable']
1374932,precision,0.3,recall,1.0,['standard classification', 'series data', 'raw data', 'interesting observations', 'stock market', 'similarity measure', 'partial information', 'series similarity', 'time series', 'similarity models']
9161791,precision,0.1,recall,0.25,['efficient algorithm', 'approximation algorithm', 'algorithm hyper', 'pruning strategy', 'synthetic datasets', 'transactional databases', 'approximation ratio', 'polynomial time', 'research problem', 'detailed study']
998449,precision,0.0,recall,0.0,['combination methods', 'relative gain', 'new method', 'possible accuracy', 'email models', 'combined classifiers', 'classifier outputs', 'maximum possible', 'behavior models', 'high accuracy']
9421192,precision,0.2,recall,0.5,['common template', 'different templates', 'similar pages', 'input pages', 'template detection', 'wrapper induction', 'generates wrappers', 'new approach', 'common script', 'common schema']
9505,precision,0.2,recall,0.4,['simultaneous clustering', 'word-document clustering', 'column clusters', 'co-clustering algorithm', 'co-clustering problem', 'optimal co-clustering', 'innovative co-clustering', 'co-clustering two-dimensional', 'information-theoretic co-clustering', 'simultaneous word-document']
4051385,precision,0.1,recall,0.25,['support measures', 'real-life datasets', 'numerical attributes', 'frequent patterns', 'interesting patterns', 'novel type', 'efficient algorithms', 'discretization methods', 'new support', 'numerical data']
14076694,precision,0.1,recall,0.25,['probabilistic pruning', 'candidate generate-and-test', 'candidate sequences', 'probabilistic databases', 'generate-and-test approaches', 'pattern mining', 'preliminary experiments', 'dp algorithm', 'support computation', 'cpu cost']
9640142,precision,0.0,recall,0.0,['publicly-available datasets', 'domain knowledge', 'network analysis', 'graph labeling', 'link knowledge', 'link analysis', 'wide variety', 'fraud schemes', 'fraud detection', 'significant improvement']
11842174,precision,0.0,recall,0.0,['computational challenges', 'experimental study', 'data sets', 'large document', 'entity categorization', 'document context', 'related entities', 'prior approaches', 'thorough experimental', 'unstructured document']
9309392,precision,0.0,recall,0.0,['novel approach', 'network classification', 'within-network classification', 'classification tasks', 'sparse networks', 'classification performance', 'labeled nodes', 'real-world problems', 'neighboring nodes', 'real-world data']
5023118,precision,0.0,recall,0.0,['popular search', 'search engines', 'true information', 'information source', 'web site', 'information providers', 'important information', 'trustworthy web', 'true facts', 'veracity problem']
10011554,precision,0.1,recall,0.2,['local structures', 'large datasets', 'data description', 'dynamic-programming algorithms', 'summarization problem', 'real datasets', 'local patterns', 'interesting local', 'optimization problem', 'local associations']
939453,precision,0.0,recall,0.0,['predictive accuracy', 'predictive features', 'citeseer data', 'venue prediction', 'link prediction', 'new features', 'statistical feature', 'feature expressions', 'feature selection', 'complex feature']
11546904,precision,0.1,recall,0.25,['advisor-advisee relationships', 'relationship mining', 'likelihood objective', 'mining advisor-advisee', 'search performance', 'likely advisor-advisee', 'objective function', 'empirical study', 'learning algorithm', 'mining problem']
321801,precision,0.0,recall,0.0,['experiments results', 'real-life datasets', 'fundamental changes', 'rule changes', 'total number', 'huge number', 'unexplainable changes', 'fundamental rule', 'other changes', 'snowball effect']
4677655,precision,0.0,recall,0.0,['data values', 'data analysis', 'data sets', 'missing data', 'real data', 'valid data', 'disguise values', 'large data', 'missing values', 'distribution anomaly']
184282,precision,0.2,recall,0.4,['data random', 'data vectors', 'text data', 'dimensionality reduction', 'sparse random', 'random projection', 'random lower-dimensional', 'reduction methods', 'high dimensionality', 'component analysis']
510194,precision,0.0,recall,0.0,['data analysis', 'efficient data', 'exploratory data', 'data mining']
9696778,precision,0.0,recall,0.0,['importance level', 'importance judgments', 'personal messages', 'test message', 'email message', 'importance labels', 'svm classifiers', 'vector representation', 'personalized email', 'received messages']
261834,precision,0.0,recall,0.0,['multi-level organization']
6158185,precision,0.2,recall,0.6666666666666666,['pruning strategies', 'experiment result', 'enormous search', 'search space', 'concise set', 'confident rules', 'progressive confident', 'rules many', 'mining progressive', 'state sequences']
4186146,precision,0.2,recall,0.5,['databases mining', 'graph databases', 'mining algorithms', 'disk-based databases', 'gspan algorithm', 'new method', 'large databases', 'new disk-based', 'index structure', 'adi structure']
680148,precision,0.0,recall,0.0,['property mining', 'experimental system', 'specific properties', 'graph properties', 'single property', 'predetermined properties', 'appropriate property', 'query space', 'mining queries', 'data mining']
314861,precision,0.1,recall,0.3333333333333333,['web pages', 'mining results', 'experimental results', 'web site', 'web data', 'mining tasks', 'page clustering', 'noise elimination', 'commercial web', 'information blocks']
668606,precision,0.0,recall,0.0,['intelligent data', 'data cleaner', 'knowledge-based intelligent']
14344924,precision,0.1,recall,0.2,['real-time bidding', 'impression level', 'real-time constraint', 'bidding algorithm', 'offline optimality', 'bid adjustment', 'bidding landscape', 'optimization problem', 'problem offline', 'satisfaction levels']
10061437,precision,0.2,recall,0.4,['relevance approach', 'greedy approach', 'new approach', 'marginal relevance', 'query abandonment', 'search results', 'rate analysis', 'typical user', 'click-through rate', 'reciprocal rank']
10903275,precision,0.0,recall,0.0,['gradient scheme', 'projected gradient', 'gradient algorithms', 'benchmark data', 'optimization formulation', 'data sets', 'experimental results', 'optimization problem', 'learning formulation', 'optimization subproblem']
54521,precision,0.0,recall,0.0,['transaction data', 'data structure', 'new data', 'query time', 'data set', 'adtree data', 'querying problem', 'original data', 'query selectivity', 'query models']
652735,precision,0.2,recall,0.2857142857142857,['engine logs', 'query logs', 'user clicks', 'questions such', 'search engine', 'personalization efforts', 'special interests', 'personalization opportunities', 'user activity', 'future personalization']
9142727,precision,0.1,recall,0.3333333333333333,['future behavior', 'social interaction', 'social influence', 'current activities', 'challenge due', 'modeling future', 'social processes', 'future interaction', 'friends due', 'social network']
565501,precision,0.0,recall,0.0,['multi-objective performance', 'data mining', 'performance modeling', 'evolutionary algorithms', 'direct marketing']
11626792,precision,0.1,recall,0.25,['online algorithms', 'offline algorithms', 'discovery algorithm', 'pattern structures', 'mining algorithms', 'complex pattern', 'case studies', 'online motif', 'motif discovery', 'many domains']
60862,precision,0.0,recall,0.0,['clustering individuals', 'probabilistic framework', 'general probabilistic']
7440,precision,0.1,recall,1.0,['data privacy', 'data mining', 'k-means clustering', 'knowledge discovery', 'different attributes', 'mining projects', 'valid results', 'common set', 'security concerns', 'different sites']
48523,precision,0.2,recall,0.4,['semi-supervised ensemble', 'ensemble methods', 'classification ensembles', 'classification algorithm', 'semi-supervised learning', 'learning method', 'classification margin', 'multi-class problems', 'unlabeled data', 'base classifier']
9248967,precision,0.0,recall,0.0,['same amount', 'data matrix', 'document-term data', 'data analysis', 'two-stage algorithm', 'unsupervised feature', 'object-feature matrix', 'application domains', 'statistical data', 'feature selection']
4739043,precision,0.0,recall,0.0,['low-risk groups', 'survival model', 'hazards model', 'survival data', 'learning algorithms', 'new algorithm', 'significant improvement', 'other algorithms', 'vector machines', 'gradient-based methods']
10257235,precision,0.1,recall,0.3333333333333333,['learning repository', 'machine learning', 'uci machine', 'adult dataset', 'modern portfolio', 'privacy-utility tradeoff', 'data utility', 'portfolio theory', 'evaluation methodology', 'integrated framework']
9499,precision,0.1,recall,0.25,['co-clustering algorithms', 'bregman co-clustering', 'information-theoretic co-clustering', 'co-clustering approach', 'co-clustering framework', 'generalized co-clustering', 'co-clustering problem', 'approximation co-clustering', 'alternate minimization', 'new algorithms']
429532,precision,0.1,recall,0.5,['subgraph mining', 'frequent subgraphs', 'structure benchmarks', 'mining algorithms', 'state-of-the-art subgraph', 'maximal subgraphs', 'chemical structure', 'output size', 'data sets', 'new algorithm']
11117574,precision,0.4,recall,1.0,['transfer learning', 'learning task', 'metric learning', 'transfer metric', 'multi-task learning', 'learning applications', 'task covariance', 'optimization problem', 'multi-task metric', 'task relationships']
1353138,precision,0.0,recall,0.0,['sampling algorithm', 'general class', 'utility criteria', 'sequential sampling']
9315193,precision,0.0,recall,0.0,['real graphs', 'dynamic graphs', 'non-redundant columns', 'static graphs', 'non-redundant basis', 'time-evolving graphs', 'graphs low-rank', 'traffic dataset', 'real network', 'network traffic']
3779321,precision,0.625,recall,0.8333333333333334,['minimum interestingness', 'bayesian networks', 'frequent itemsets', 'efficient algorithms', 'absolute difference', 'background knowledge', 'practical usefulness', 'pruning frequent']
9962233,precision,0.1,recall,0.3333333333333333,['personalization algorithms', 'personalized coverage', 'coverage algorithm', 'user preferences', 'blog data', 'no-regret algorithm', 'blog aggregation', 'user study', 'google blog', 'simple coverage']
3769914,precision,0.0,recall,0.0,['user query', 'query pattern', 'sample query', 'time linear', 'data graph', 'author-publication graph', 'second feature', 'nq nodes', 'polynomial time', 'time complexity']
10514814,precision,0.0,recall,0.0,['data mining', 'spatio-temporal data', 'science data', 'comparative evaluation', 'mining approaches', 'mining techniques', 'entire state', 'data sets', 'computational complexity', 'detection technique']
9690351,precision,0.0,recall,0.0,['user activity', 'core users', 'user content', 'user contributions', 'networks various', 'social network', 'small number', 'sharing network', 'activity patterns', 'exponential distribution']
4978533,precision,0.1,recall,0.2,['cad system', 'clinical trial', 'learning system', 'deployable system', 'clinical practice', 'other findings', 'machine learning', 'learning techniques', 'pulmonary nodules', 'learning research']
4324571,precision,0.3,recall,0.375,['prediction function', 'box functions', 'functional anova', 'functions many', 'interaction importance', 'interpretation purposes', 'additive models', 'graphical model', 'high-dimensional behavior', 'non-additive interactions']
748573,precision,0.0,recall,0.0,['heuristic algorithm', 'performance study', 'extensive performance', 'data sets', 'data entries', 'data records', 'adversarial data', 'efficient heuristic', 'sensitive data', 'preserving data']
11080150,precision,0.1,recall,0.3333333333333333,['inference methods', 'sampling methods', 'infer topic', 'new method', 'several methods', 'model inference', 'efficient methods', 'classification-based inference', 'inference techniques', 'approximate inference']
3680878,precision,0.0,recall,0.0,['intrusion-detection systems', 'intrusion-detection rates', 'system measurements', 'system behavior', 'high intrusion-detection', 'abnormal computer', 'per-computer basis', 'abnormal activity', 'empirical results', 'particular computer']
4697801,precision,0.1,recall,0.25,['density test', 'multi-dimensional data', 'multi-dimensional change', 'experimental results', 'statistical test', 'statistical change', 'baseline data', 'data points', 'data sets', 'detecting change']
687857,precision,0.0,recall,0.0,['association rules', 'weighted association', 'efficient mining']
3921987,precision,0.2,recall,0.3333333333333333,['greek datasets', 'key-substring-group features', 'word features', 'such features', 'suffix tree', 'text classification', 'total number', 'classification tasks', 'classification applications', 'based algorithm']
7101956,precision,0.0,recall,0.0,['available data', 'previous approaches', 'local approaches', 'regional approaches', 'large recommender', 'other approaches', 'sampling variability', 'recommender system', 'rating matrix', 'user ratings']
123208,precision,0.1,recall,0.16666666666666666,['network relative', 'telecommunication networks', 'social networks', 'real-world networks', 'networks large', 'science researchers', 'biological networks', 'graph relative', 'graph analysis', 'computer science']
959718,precision,0.0,recall,0.0,['topical resource', 'resource discovery', 'hyperlink behavior', 'discovery process', 'user behavior', 'domain proxies', 'topical correlations', 'topical consistency', 'web users', 'public domain']
9102538,precision,0.1,recall,0.3333333333333333,['training set', 'efficient training', 'number examples', 'dual method', 'gradient methods', 'dual variables', 'main idea', 'fast dual', 'text classification', 'huge number']
1523191,precision,0.1,recall,0.25,['image patterns', 'experiments results', 'viewpoint patterns', 'various image', 'image databases', 'image sets', 'useful image', 'image repositories', 'such viewpoint', 'efficient algorithm']
9942601,precision,0.2,recall,0.5,['social influence', 'social correlation', 'simulation results', 'general models', 'simple tests', 'social network', 'statistical correlation', 'real social', 'statistical problem', 'social systems']
839336,precision,0.0,recall,0.0,['matching algorithms', 'knowledge discovery', 'algorithms present', 'window constraints', 'data mining', 'index terms', 'time window', 'rule mining', 'level matching', 'mining causality']
1364456,precision,0.0,recall,0.0,['classification behavior', 'effective classification', 'classification task', 'classification characteristics', 'local behavior', 'such strings', 'dna string', 'long strings', 'wide range', 'global behavior']
9647883,precision,0.2,recall,0.6666666666666666,['subspace clustering', 'subspace locality', 'feature-based subspace', 'locality measures', 'hybrid subspace', 'clustering algorithm', 'object-level search', 'user experiences', 'result clustering', 'similarity notions']
329510,precision,0.2,recall,0.3333333333333333,['association rules', 'interesting rules', 'efficient algorithms', 'data sets', 'numeric data', 'numeric variable', 'alternative measures', 'traditional association', 'dense data', 'useful interactions']
9618001,precision,0.0,recall,0.0,['urls malicious', 'site urls', 'url classification', 'suspicious urls', 'automated url', 'predictive models', 'large numbers', 'malicious web', 'web sites', 'such sites']
784343,precision,0.2,recall,0.5,['refinement phases', 'clustering objectives', 'graph clustering', 'clustering algorithm', 'clustering approaches', 'objective function', 'refinement step', 'spectral clustering', 'function values', 'multilevel clustering']
4504437,precision,0.0,recall,0.0,['file-chunk graph', 'similar documents', 'document repositories', 'bipartite graph', 'similar files', 'large document', 'byte stream', 'support documents', 'multiple files', 'related files']
1141080,precision,0.4,recall,0.6666666666666666,['dimensional space', 'dimensionality curse', 'high dimensional', 'similarity indexing', 'igrid index']
4766160,precision,0.0,recall,0.0,['popular heuristics', 'mcsc problem', 'set problem', 'good results', 'k-clustering problems', 'algorithm cag', 'mining problems', 'rule set', 'minimum rule', 'cover problem']
782673,precision,0.2,recall,0.3333333333333333,['curve data', 'curve clustering', 'trajectory data', 'test data', 'data sets', 'curve alignment', 'multidimensional curves', 'expression data', 'real-world data', 'mean curve']
9261711,precision,0.1,recall,0.25,['graph mining', 'graph pls', 'mining method', 'mining algorithm', 'pattern mining', 'mining call', 'graph data', 'frequent graph', 'pls algorithm', 'weighted pattern']
9701993,precision,0.0,recall,0.0,['visual knowledge', 'standard visual', 'visual layout', 'visual front-end', 'visualization paradigms', 'common visualization', 'visual templates', 'knowledge discovery', 'interaction networks', 'key challenge']
1167595,precision,0.0,recall,0.0,['online algorithm', 'detailed knowledge', 'novel online', 'web-based system', 'computer systems', 'anomaly measure', 'management systems', 'graph sequence', 'faulty services', 'weighted graph']
4721679,precision,0.1,recall,0.25,['clustering algorithms', 'clustering quality', 'cluster structure', 'stream clustering', 'data-stream clustering', 'tofind clusters', 'density-based clustering', 'clustering feasible', 'real-time data', 'data density']
4249633,precision,0.2,recall,0.5,['dea models', 'problems dea', 'dea-based method', 'benchmark methods', 'roc analysis', 'multiple classifiers', 'dea approach', 'model combination', 'k-class classifiers', 'classification problems']
10105197,precision,0.3,recall,0.6,['synthetic datasets', 'realistic synthetic', 'network generation', 'affiliation networks', 'network properties', 'network evolution', 'social network', 'real-world networks', 'group formation', 'complex networks']
1167574,precision,0.1,recall,0.14285714285714285,['spacecraft system', 'space systems', 'system behavior', 'system components', 'telemetry data', 'international space', 'spacecraft anomaly', 'current system', 'expert systems', 'system status']
211492,precision,0.0,recall,0.0,['effective cooperation']
10284571,precision,0.3,recall,0.75,['query sessions', 'search logs', 'query analysis', 'engines search', 'dissatisfactory query', 'query suggestion', 'data-driven applications', 'olap system', 'many data-driven', 'various data-driven']
6383098,precision,0.0,recall,0.0,['data on-board', 'on-board mining', 'use on-board', 'data mining', 'mining effort', 'spacecraft-based data', 'on-board analysis', 'mining techniques', 'memory resources', 'odyssey spacecraft']
802275,precision,0.5,recall,0.5,['similar patterns', 'time series']
1028607,precision,0.0,recall,0.0,['support vector', 'vector machines', 'scalable support']
9251891,precision,0.0,recall,0.0,['privacy-preserving data', 'data sources', 'privacy-preserving requirements', 'different data', 'real data', 'data mining', 'privacy-preserving cox', 'healthcare institutions', 'analysis privacy-preserving', 'european healthcare']
19409,precision,0.1,recall,0.2,['cooperative speaker', 'actual texts', 'data analysis', 'gricean maxims', 'care data', 'standard data', 'time-series data', 'series data', 'researchers interested', 'domain experts']
551996,precision,0.0,recall,0.0,['clustering algorithm', 'state-of-art algorithms', 'world datasets', 'data clustering', 'novel algorithm', 'effective clustering', 'large volume', 'cluster histogram', 'real world', 'transactional data']
9605734,precision,0.1,recall,0.25,['landing pages', 'search advertisement', 'learning methods', 'poor advertiser', 'large-scale learning', 'advertiser return', 'ad creatives', 'bounce rate', 'leverage features', 'engine users']
1195189,precision,0.2,recall,0.6666666666666666,['performance study', 'optimization techniques', 'thorough performance', 'quasi-clique mining', 'mining algorithm', 'graph mining', 'mining community', 'novel optimization', 'quasi-clique discovery', 'graph databases']
9060690,precision,0.0,recall,0.0,['test data', 'network intrusion', 'intrusion data', 'training data', 'normal behavior', 'anomalous patterns', 'anomalous attribute', 'anomaly pattern', 'significance testing', 'anomalous activity']
95427,precision,0.1,recall,0.3333333333333333,['ensemble algorithm', 'streaming ensemble', 'streaming data', 'ensemble methods', 'classification ensemble', 'fixed-size ensemble', 'training data', 'data mining', 'plentiful data', 'replacement strategy']
3918474,precision,0.0,recall,0.0,['support vector', 'cascade linear', 'linear programs', 'linear discriminant', 'vector machines', 'feature selection', 'classification approach', 'feature computational', 'discriminant analysis', 'cascade classification']
3906628,precision,0.2,recall,0.4,['clustering model', 'clustering algorithm', 'experimental evaluation', 'several applications', 'several algorithms', 'quantitative models', 'significant practical', 'correlation clustering', 'beneficial impact', 'practical importance']
4413738,precision,0.0,recall,0.0,['network structure', 'moderate-size networks', 'network statistics', 'network properties', 'space complexity', 'wide variety', 'graph distance', 'graph diameter-requires', 'several varieties', 'accurate estimation']
380155,precision,0.1,recall,0.25,['predictor ranges', 'end-cut problem', 'new criteria', 'splitting criteria', 'mining criteria', 'repeated peeling', 'data mining', 'interpretable data', 'data descriptions', 'classification trees']
3785570,precision,0.1,recall,0.25,['heuristic search', 'interesting algorithms', 'mining phenotypes', 'data mining', 'phenotype structure', 'mining results', 'previous methods', 'adjustment method', 'mining microarray', 'performance study']
10236111,precision,0.1,recall,0.5,['snp-pair anova', 'snp-pair pruning', 'candidate snp-pairs', 'effective snp-pair', 'anova tests', 'batch mode', 'permutation test', 'efficient upper', 'brute-force implementation', 'intermediate computation']
1370349,precision,0.0,recall,0.0,['calling patterns', 'wireless calls', 'customer patterns', 'wireless customers', 'current customers', 'empirical study', 'month period', 'customer behavior', 'customer information', 'patterns transaction']
35018,precision,0.0,recall,0.0,['clustering algorithm', 'efficient algorithm', 'new algorithm', 'transactional data', 'high-dimensional data', 'sparse data', 'customer-purchase data', 'selectivity estimation', 'sparse databases', 'query selectivity']
683762,precision,0.0,recall,0.0,['analysis framework', 'text data', 'data mining', 'analysis environment', 'text classification', 'interactive analysis', 'mining technologies', 'textual data', 'state-of-the-art techniques', 'visualization technologies']
252249,precision,0.1,recall,0.3333333333333333,['computational molecular', 'scientific datasets', 'computational fluid', 'dataset size', 'real datasets', 'molecular dynamics', 'fluid flow', 'spatio-temporal patterns', 'simple algorithm', 'spatio-temporal episodes']
4002392,precision,0.0,recall,0.0,['sequential approach', 'time steps', 'several time', 'multiple tree', 'tree algorithm', 'use multiple', 'standard sequential', 'tracking problem', 'observation data', 'significant benefit']
4774319,precision,0.0,recall,0.0,['linux cluster', 'par-csp partitions', 'load imbalance', 'imbalance problem', 'interprocessor communication', 'experimental results', 'parallelization efficiencies', 'parallel mining', 'good parallelization', 'divide-and-conquer property']
13194551,precision,0.1,recall,0.25,['experimental evaluation', 'intuitive answers', 'matrix decomposition', 'cur decompositions', 'previously-proposed methods', 'column-row decompositions', 'interpretable nonnegative', 'nonnegative matrix', 'based decompositions', 'matrix-decomposition problems']
285082,precision,0.0,recall,0.0,['algorithmic problem', 'influence problems', 'network models', 'social network', 'network analysis', 'optimization problem', 'network processes', 'analysis framework', 'collaboration networks', 'fundamental algorithmic']
4685648,precision,0.1,recall,0.16666666666666666,['movie search', 'movie database', 'prototype movie', 'results quality', 'internet movie', 'movies current', 'movie url', 'imdb search', 'ranking method', 'ranking algorithm']
9953918,precision,0.1,recall,0.25,['data parallelism', 'learning algorithm', 'large-scale learning', 'parallel algorithm', 'data structures', 'model updates', 'behavioral data', 'domain data', 'sparse representations', 'bt-category models']
4016160,precision,0.1,recall,0.3333333333333333,['graphical modeling', 'lasso algorithm', 'concrete results', 'performance indicators', 'related algorithms', 'causal modeling', 'consistent gain', 'relative performance', 'temporal data', 'temporal causal']
4980157,precision,0.0,recall,0.0,['dynamic syslog', 'learning algorithm', 'syslog behavior', 'test statistics', 'discounting learning', 'mixture components', 'syslog data', 'real syslog', 'computer devices', 'anomaly scores']
54393,precision,0.0,recall,0.0,['privacy breaches', 'preserve privacy', 'mining algorithms', 'preserving mining', 'mining association', 'association rules', 'uniform randomization', 'randomization operators', 'real datasets', 'support estimator']
736839,precision,0.0,recall,0.0,['gene clusters', 'test results', 'efficient algorithms', 'coherent gene', 'candidate genes', 'various genes', 'samples such', 'data sets', 'gene-sample-time microarray', 'complete set']
762867,precision,0.2,recall,0.5,['adaptive approach', 'same queries', 'processing queries', 'entity resolution', 'real-world entities', 'same time', 'adaptive strategies', 'collective resolution', 'resolution strategy', 'same real-world']
10193735,precision,0.1,recall,0.25,['source domain', 'domain distribution', 'categorization problem', 'text categorization', 'target domain', 'page ratings', 'web page', 'kernel approach', 'cross domain', 'other approaches']
402058,precision,0.0,recall,0.0,['detection anomaly', 'graph-based data', 'attribute-value data', 'graph-based anomaly', 'intrusion data', 'artificially-created data', 'intrusion detection', 'fraud detection', 'successful anomaly', 'experimental results']
11981864,precision,0.0,recall,0.0,['server logs', 'real data', 'algorithmic schedules', 'clickthrough rates', 'significant improvements', 'traffic pattern', 'website traffic', 'efficient algorithm', 'peak traffic', 'overall traffic']
431266,precision,0.0,recall,0.0,['social networks', 'social interaction', 'dynamic social', 'information transmission', 'computational framework', 'key characteristic', 'new mathematical', 'wide-ranging applications', 'past analyses', 'disease modeling']
9111641,precision,0.0,recall,0.0,['state-of-the-art algorithms', 'classification framework', 'classification performance', 'spectral classification', 'many state-of-the-art', 'significant improvements', 'out-of-domain intrinsic', 'labeled data', 'in-domain data', 'cost function']
679710,precision,0.1,recall,0.2,['standard approach', 'same language', 'multilingual document', 'same concepts', 'document clustering', 'single language', 'similar document', 'multilingual lsa', 'different language', 'language such']
3780602,precision,0.1,recall,0.25,['pattern discovery', 'discovery problem', 'risk patterns', 'rule discovery', 'pattern sets', 'optimal risk', 'useful results', 'medical data', 'mining risk', 'medical researchers']
285080,precision,0.1,recall,0.16666666666666666,['potential customers', 'other customers', 'social network', 'marketing action', 'viral marketing', 'network value', 'network mined', 'relevant databases', 'black art', 'random field']
3929140,precision,0.2,recall,0.6666666666666666,['projected space', 'data instances', 'distance function', 'several datasets', 'data mining', 'kernel trick', 'nonlinear relationships', 'effective distance', 'contextual information', 'good distance']
783980,precision,0.1,recall,0.25,['scatter plot', 'two-dimensional scatter', 'support envelopes', 'support lattice', 'support boundary', 'support threshold', 'low support', 'association structure', 'association patterns', 'exploratory analysis']
9151050,precision,0.0,recall,0.0,['mining algorithms', 'tree mining', 'closed tree', 'streams closed', 'mining frequent', 'experimental evaluation', 'first experimental', 'first work', 'window technique', 'data stream']
10837037,precision,0.1,recall,0.2,['dynamic biological', 'biological networks', 'biological literature', 'transformation rules', 'dynamic networks', 'mining approach', 'graph-rewriting rules', 'dynamic graph-based', 'structural changes', 'dynamic features']
154991,precision,0.1,recall,0.3333333333333333,['similar clusters', 'word senses', 'clustering algorithm', 'tight clusters', 'corpus\\/domain-specific senses', 'frequent senses', 'evaluation methodology', 'rare senses', 'similarity space', 'feature vector']
419557,precision,0.0,recall,0.0,['entity extraction', 'word classification', 'high-performance similarity', 'extraction performance', 'extraction processes', 'similarity functions', 'entity name', 'useful similarity', 'high-performance ner', 'multiple domains']
1317160,precision,0.0,recall,0.0,['customer behavior', 'behavior parameters', 'pricing e-content', 'transient customer', 'customer value', 'customer valuations', 'e-content markets', 'internet market', 'e-content provider', 'economic principles']
1220729,precision,0.0,recall,0.0,['mobile-phone users', 'segmentation algorithms', 'different segmentation', 'greedy heuristics', 'different partitions', 'data points', 'sequence segmentation', 'partitions partitions', 'input segmentations', 'non-overlapping segments']
11470328,precision,0.1,recall,0.3333333333333333,['interest groups', 'initial information', 'other information', 'data collection', 'social network', 'probabilistic graph', 'bootstrap probabilistic', 'probabilistic graph-based', 'large data', 'two-phase method']
682495,precision,0.0,recall,0.0,['performance study', 'interesting properties', 'sequential patterns', 'incremental algorithms', 'pattern mining', 'efficient algorithm', 'patterns due', 'new patterns', 'wide margin', 'sequence databases']
4738341,precision,0.0,recall,0.0,['inaccurate classifications', 'clustering method', 'support issues', 'new set', 'training sets', 'class distribution', 'common issues', 'issue type', 'customer-support issues', 'new month']
10186200,precision,0.1,recall,0.16666666666666666,['experimental section', 'graph mining', 'mining tasks', 'computing betweenness', 'tasks such', 'physics approach', 'betweenness centrality', 'dissimilarity measures', 'destination node', 'particular node']
3748056,precision,0.0,recall,0.0,['private protocols', 'classification protocols', 'new protocols', 'protocol participants', 'computation protocols', 'private classification', 'kernel computation', 'kernel perceptron', 'kernel value', 'svm classifiers']
10275752,precision,0.0,recall,0.0,['advertisement clickthrough', 'online advertising', 'keyword advertising', 'clickthrough logs', 'large-scale advertising', 'advertising platform', 'broad match', 'learning algorithm', 'match mappings', 'experimental results']
681489,precision,0.1,recall,0.3333333333333333,['redundant genes', 'discriminative genes', 'gene selection', 'efficient method', 'top-ranked genes', 'gene expression', 'traditional gene', 'selection methods', 'representative methods', 'feature selection']
10269043,precision,0.0,recall,0.0,['user similarity', 'different features', 'participation behavior', 'random field', 'grouping behavior', 'similar diffusion', 'such behavior', 'user participation', 'interesting observation', 'weak relationships']
429539,precision,0.1,recall,0.2,['mining problems', 'decision problem', 'fundamental problems', 'patterns mining', 'research interests', 'itemset mining', 'data mining', 'mining maximal', 'particular interest', 'partial order']
11134936,precision,0.3,recall,0.5,['folksonomy learning', 'approach clusters', 'accurate folksonomies', 'structured metadata', 'social metadata', 'previous work', 'social content', 'relational clustering', 'metadata many', 'tag statistics']
10940984,precision,0.1,recall,0.3333333333333333,['heuristic algorithm', 'algorithm scales', 'greedy algorithm', 'scalable influence', 'networks influence', 'influence spreads', 'influence maximization', 'influence cascade', 'scalable heuristics', 'certain influence']
4713024,precision,0.1,recall,1.0,['testing outlier', 'clustering information', 'clustering structure', 'detecting outliers', 'data set', 'clustering model', 'future outliers', 'noisy data', 'transductive confidence', 'misdiagnosed points']
55062,precision,1.5,recall,0.6,['active learning', 'adaptive resampling']
9692779,precision,0.1,recall,0.25,['recently-proposed algorithms', 'pre-clustering entities', 'local optimization', 'disambiguation approach', 'wikipedia entities', 'entity assignment', 'linear programs', 'real-world entities', 'local compatibility', 'local hill-climbing']
369247,precision,0.6666666666666666,recall,0.3333333333333333,['fraud detection', 'audit strategies', 'classification-based methodology']
105378,precision,0.0,recall,0.0,['long patterns', 'first generation', 'depth first']
286972,precision,0.0,recall,0.0,['fractal dimension']
5228328,precision,0.0,recall,0.0,['language modeling', 'traditional language', 'information retrieval', 'modeling techniques', 'language content', 'retrieval tasks', 'image space', 'ocr text', 'such capability', 'document images']
9997445,precision,0.1,recall,0.5,['dblp dataset', 'formation problem', 'combinatorial problems', 'intuitive results', 'team formation', 'social network', 'first work', 'different skills', 'different communication-cost', 'novel algorithms']
1094028,precision,0.1,recall,0.125,['quality measure', 'optimal itemsets', 'feature set', 'total set', 'joint entropy', 'binary feature', 'distinctive power', 'new approach', 'specified size', 'mining binary']
10010518,precision,0.0,recall,0.0,['patent cluster', 'patent ranking', 'patent rating', 'patent evaluation', 'patent data', 'novel patents', 'valuable patents', 'indirect patent', 'patent status', 'ranking techniques']
9125701,precision,0.2,recall,0.2857142857142857,['modeling approach', 'unified modeling', 'association search', 'search services', 'modeling results', 'academic network', 'expertise search', 'publication data', 'empirical evaluation', 'ambiguity problem']
3951829,precision,0.1,recall,0.25,['grid structures', 'structured random', 'series data', 'data sets', 'data size', 'random vectors', 'data stream', 'pearson correlation', 'data rates', 'combinatorial design']
646294,precision,0.0,recall,0.0,['mine cross-graph', 'cross-graph quasi-cliques', 'mining problem', 'mining methods', 'data mining', 'meaningful cross-graph', 'performance study', 'joint mining', 'interaction data', 'data sets']
9678724,precision,0.0,recall,0.0,['parallel algorithms', 'parallel learning', 'linear structures', 'learning algorithm', 'parallel computing', 'efficient parallel', 'structures such', 'modern parallel', 'chain structure', 'mining algorithms']
1110787,precision,0.1,recall,0.25,['semantic information', 'web recommendation', 'web users', 'semantic features', 'semantic relationships', 'user models', 'features web', 'recommendation system', 'web usage', 'recommendation accuracy']
9632155,precision,0.0,recall,0.0,['model effectiveness', 'modeling technique', 'distinct query-url', 'click-log set', 'first set', 'query-url pairs', 'browsing model', 'distinct queries', 'new modeling', 'exact inference']
9274894,precision,0.0,recall,0.0,['label quality', 'label-quality\\/cost regimes', 'data quality', 'data points', 'multiple labels', 'repeatedly labeling', 'training labels', 'less-than-expert labeling', 'single labeling', 'noisy labelers']
9485675,precision,0.2,recall,0.5,['domain transfer', 'transfer learning', 'classification accuracy', 'classification model', 'local weight', 'text classification', 'knowledge transfer', 'multiple models', 'classification algorithms', 'different domain']
425828,precision,0.2,recall,0.4,['significant weights', 'weighted settings', 'weighted support', 'weighted association', 'weighted downward', 'significant relationships', 'significance framework', 'insignificant relationships', 'binary relationships', 'significant binary']
8749,precision,0.0,recall,0.0,['activity monitoring', 'interesting changes']
9135998,precision,0.0,recall,0.0,['candidate link-titles', 'result url', 'statistical framework', 'web urls', 'extensive experiments', 'non-trivial baselines', 'succinct titles', 'diverse collection', 'appropriate title', 'good title']
532497,precision,0.1,recall,0.25,['clustering results', 'data co-clustering', 'toy problems', 'co-clustering algorithms', 'efficient computation', 'high-order co-clustering', 'co-clustering heterogeneous', 'pair-wise co-clustering', 'co-clustering sub-problems', 'text mining']
10351682,precision,0.1,recall,0.3333333333333333,['method lof', 'distance-based method', 'distance-based approaches', 'experimental evaluation', 'parameter selection', 'high-dimensional data', 'difference vectors', 'new approach', 'novel approach', 'thorough experimental']
11539451,precision,0.1,recall,0.3333333333333333,['directed graphs', 'compression approach', 'multi-position linearizations', 'dozen benchmark', 'data structure', 'compression rate', 'compress social', 'networks compressing', 'data sets', 'friendly compression']
3858841,precision,0.0,recall,0.0,['search technique', 'mineral classes', 'search procedures', 'data-driven techniques', 'distinctive spectral', 'expensive search', 'other mineral', 'greedy search', 'distinctive signature', 'specific minerals']
11213575,precision,0.1,recall,0.3333333333333333,['predictive performance', 'inference procedures', 'online inference', 'topic models', 'computational efficiency', 'efficient online', 'robust model', 'em algorithm', 'stochastic em', 'online topic']
13502551,precision,0.2,recall,0.4,['regularization frameworks', 'iterative framework', 'experimental results', 'co-hits algorithm', 'different settings', 'different views', 'baseline method', 'significant improvement', 'previous algorithms', 'promising improvements']
510141,precision,0.0,recall,0.0,['data mining', 'right students']
9050379,precision,0.1,recall,0.5,['experimental units', 'directed experimentation', 'causal knowledge', 'appropriate experimental', 'experimental control', 'causal discovery', 'knowledge researchers', 'peer-production systems', 'causal dependencies', 'joint modeling']
10224533,precision,0.1,recall,0.5,['discriminatory rules', 'discriminatory classification', 'discriminatory attributes', 'classification rules', 'background knowledge', 'credit dataset', 'credit approval', 'association rules', 'german credit', 'formal result']
433612,precision,0.0,recall,0.0,['local algorithm', 'sound algorithms', 'variable selection', 'known algorithms', 'target variable', 'state-of-the-art algorithms', 'variable set', 'minimal variable', 'fundamental difference', 'training size']
231724,precision,0.1,recall,0.2,['adversarial classification', 'optimal strategy', 'detection domain', 'spam detection', 'mining algorithms', 'many domains', 'formal framework', 'data mining', 'data miner', 'standard way']
147245,precision,0.1,recall,0.25,['data stream', 'ensemble approach', 'classification accuracy', 'mining data', 'ensemble framework', 'ensemble classifiers', 'concept-drifting data', 'classification models', 'test data', 'weighted ensemble']
4916705,precision,0.1,recall,0.25,['clustering algorithms', 'data clustering', 'popular clustering', 'spectral clustering', 'special clustering', 'arbitrary clustering', 'state-of-the-art algorithms', 'data representations', 'constraints data', 'framework addresses']
11270958,precision,0.2,recall,0.6666666666666666,['document clustering', 'document representation', 'text documents', 'clustering framework', 'document content', 'text clustering', 'clustering performance', 'clustering method', 'different clusters', 'clusters due']
7833205,precision,0.0,recall,0.0,['model inference', 'second experiment', 'first experiment', 'detecting inferences', 'efficient inference', 'sensitive topic', 'particular topic', 'practical model', 'enron corpus', 'web-mining algorithms']
938622,precision,0.0,recall,0.0,['price observations', 'price data', 'ticket prices', 'future prices', 'purchase price', 'price changes', 'product prices', 'mining algorithm', 'data mining', 'day period']
9972873,precision,0.1,recall,0.5,['time series', 'resource-limited sensors', 'new time', 'neighbor algorithm', 'shapelet primitives', 'series shapelet', 'diverse domains', 'series primitive', 'new primitive', 'classification accuracy']
565512,precision,0.2,recall,0.5,['case study', 'several projects', 'confidence intervals', 'population distributions', 'target population', 'relevant target', 'campaign planning', 'campaign objectives', 'applicable model-evaluation', 'marketing campaigns']
4609403,precision,0.0,recall,0.0,['real data', 'high-entropy subsets', 'binary data', 'interesting subsets', 'empirical evaluation', 'entropy measure', 'vapnik-chervonenkis dimension', 'low-entropy trees', 'entropy condition', 'low-entropy itemsets']
13222302,precision,0.0,recall,0.0,['candidate sequence', 'ptd function', 'recommendation system', 'business success', 'transportation systems', 'mobile recommender', 'energy-efficient mobile', 'experimental results', 'energy-efficient transportation', 'monotone property']
7176671,precision,0.1,recall,0.25,['design variations', 'novel techniques', 'training data', 'insufficient training', 'incomplete articles', 'information extraction', 'well-populated classes', 'subsumption taxonomy', 'self-supervised information', 'automatically-learned subsumption']
1342241,precision,0.1,recall,0.25,['rule query', 'rules rule', 'query evaluation', 'query language', 'language rule-ql', 'safe fragment', 'representative queries', 'efficient query', 'evaluation techniques', 'rule mining']
10017791,precision,0.1,recall,0.3333333333333333,['method rtf', 'optimization problem', 'prediction method', 'recommendation methods', 'tf methods', 'interpretation schemes', 'optimal ranking', 'complexity analysis', 'actual problem', 'descent algorithm']
252243,precision,0.0,recall,0.0,['evolutionary theme', 'text mining', 'theme patterns', 'temporal text', 'text information', 'new text', 'text stream', 'latent themes', 'probabilistic methods', 'evolutionary patterns']
1364573,precision,0.1,recall,0.16666666666666666,['real application', 'case study', 'interaction-pattern discovery', 'discovery algorithm', 'interaction-pattern mining', 'functional requirements', 'software systems', 'software requirements', 'usage scenarios', 'requirements loss']
10489135,precision,0.2,recall,0.5,['approximation algorithms', 'general algorithm', 'first algorithm', 'data sets', 'approximation guarantee', 'factor approximation', 'community structure', 'real data', 'constant-factor approximation', 'provable approximation']
11536257,precision,0.2,recall,0.6666666666666666,['maximal cliques', 'fast algorithm', 'parameter learning', 'efficient feature', 'structure learning', 'parameter estimation', 'data sets', 'dimensional learning', 'incremental feature', 'feature selection']
3950072,precision,0.0,recall,0.0,['pattern mining', 'mining algorithm', 'pruning strategy', 'iterative pattern', 'case study', 'efficiently mine', 'performance study', 'software traces', 'sequential pattern', 'pattern miner']
4511305,precision,0.0,recall,0.0,['recommendation model', 'markov models', 'new model', 'prediction model', 'user session', 'sequence mining', 'recommendation set', 'pattern mining', 'prefetching system', 'order information']
10843923,precision,0.2,recall,0.5,['object classification', 'classification problem', 'web classification', 'web object', 'social tags', 'classification methods', 'labeled objects', 'general classification', 'objects such', 'exploring social']
3920459,precision,0.2,recall,0.5,['dissimilarity matrices', 'clustering methods', 'clustering algorithms', 'clustering hierarchies', 'dissimilarity data', 'new clustering', 'dissimilarity matrix', 'previous clustering', 'pairwise dissimilarity', 'classical clustering']
9412373,precision,0.1,recall,0.25,['search engine', 'clustering problem', 'scale search', 'web scale', 'predefined clusters', 'agglomerative clustering', 'cover problem', 'same problem', 'decomposition problem', 'dynamic programming']
10843921,precision,0.1,recall,0.3333333333333333,['training data', 'data classification', 'classification accuracy', 'large accuracy', 'accuracy gains', 'data sources', 'data mining', 'large quantities', 'quality training', 'sophisticated classification']
379299,precision,0.1,recall,0.3333333333333333,['gene clusters', 'clustering performance', 'subspace clusters', 'clustering process', 'clustering algorithms', 'cluster quality', 'clustering result', 'traditional clustering', 'few clustering', 'gene ontology']
774603,precision,0.0,recall,0.0,['bounded number', 'massive gene', 'search space', 'gene expressions', 'mining problem', 'pattern mining', 'massive datasets', 'opsm cluster', 'opsm mining', 'problem scale']
10837032,precision,0.3,recall,0.75,['co-clustering framework', 'co-clustering large', 'domain knowledge', 'dataflow implementation', 'wide variety', 'average ratings', 'predictive modeling', 'real-time prediction', 'dataflow cf', 'memory management']
1473866,precision,0.0,recall,0.0,['similarity measures', 'database field', 'text similarity', 'string similarity', 'learnable text', 'learnable string', 'textual similarity', 'text distance', 'detection accuracy', 'trainable measures']
9663908,precision,0.0,recall,0.0,['line search', 'search scheme', 'step size', 'constant step', 'optimization iterations', 'lassplore algorithm', 'optimal convergence', 'adaptive line', 'state-of-the-art algorithms', 'previous approaches']
5097759,precision,0.0,recall,0.0,['canonicalization solution', 'data mining', 'distance costs', 'canonical representation', 'different forms', 'database records', 'annotated data', 'standard representation', 'knowledge discovery', 'abbreviated forms']
3816158,precision,0.0,recall,0.0,['convex solver', 'different estimation', 'estimation problems', 'l2 penalties', 'different regularizers', 'modular convex', 'many applications', 'different algorithms', 'scalable modular', 'different notions']
3788999,precision,0.0,recall,0.0,['document similarity', 'text documents', 'document databases', 'non-hyperlinked document', 'influential documents', 'individual documents', 'content-based methods', 'bibliometric methods', 'language-modeling approach', 'ratio test']
10655059,precision,0.0,recall,0.0,['aspect opinion', 'aspect rating', 'latent aspect', 'opinion summarization', 'application tasks', 'reviewers rating', 'latent opinion', 'opinionated text', 'different aspects', 'rating analysis']
3961369,precision,0.1,recall,0.25,['utility-based method', 'utility-based anonymization', 'anonymized data', 'recoding methods', 'efficient anonymization', 'previous methods', 'performance study', 'effective anonymization', 'extensive performance', 'different attributes']
9167777,precision,0.1,recall,0.3333333333333333,['tree-regression approach', 'regression-based approaches', 'k-regression approach', 'summarization performance', 'restoration error', 'clustering method', 'itemset pattern', 'type clustering', 'frequent itemset', 'experimental evaluation']
9611024,precision,0.0,recall,0.0,['data sets', 'ranking criteria', 'individual criteria', 'trec data', 'individual criterion', 'popular letor', 'other criteria', 'single criterion', 'test criterion', 'different ranking']
10285045,precision,0.0,recall,0.0,['coverage ratio', 'state-of-the-art methods', 'high coverage', 'bandwidth utilization', 'experimental results', 'efficient crawler', 'promising performance', 'regression model', 'various forums', 'various pages']
1049322,precision,0.1,recall,0.2,['classification methods', 'trees decision', 'other classification', 'actual examples', 'knowledge discovery', 'visual projection', 'additional knowledge', 'valuable information', 'interactive construction', 'much valuable']
10597102,precision,0.2,recall,0.3333333333333333,['influence information', 'information cascades', 'information diffusion', 'media sites', 'diffusion network', 'news media', 'optimal network', 'core media', 'stable circles', 'media space']
14058457,precision,0.1,recall,0.25,['link prediction', 'new links', 'link recommendation', 'new prediction', 'supervised learning', 'prediction performance', 'prediction systems', 'future links', 'learning framework', 'networks link']
558466,precision,0.0,recall,0.0,['visual classification', 'interactive approach', 'decision tree', 'tree construction']
2341962,precision,0.0,recall,0.0,['new method', 'method scales', 'data point', 'other methods', 'correctness rates', 'grid combination', 'grid points', 'data sets', 'new approach', 'sparse grid']
3869373,precision,0.0,recall,0.0,['lander shutdown', 'polar lander', 'faulty versions', 'ifn algorithm', 'software testing', 'input-output examples', 'mars polar', 'automated software', 'small number', 'software failures']
878023,precision,0.0,recall,0.0,['gps data', 'road models', 'mining gps']
10078748,precision,0.1,recall,0.16666666666666666,['learning algorithms', 'map-reduce framework', 'common characteristics', 'social influence', 'topic-level influence', 'influence propagation', 'social networks', 'influence analysis', 'network structure', 'large networks']
9942600,precision,0.0,recall,0.0,['topic model', 'probabilistic topic', 'corpora such', 'entities such', 'large corpora', 'text corpora', 'novel probabilistic', 'real-world corpora', 'approximate inference', 'variational methods']
275061,precision,0.0,recall,0.0,['knowledge-sharing sites', 'data mining', 'mining knowledge-sharing', 'computational cost', 'fertile source', 'previous techniques', 'binary decision', 'large reduction', 'marketing plan', 'large changes']
3908215,precision,0.2,recall,0.6666666666666666,['v-miner system', 'data segments', 'data mining', 'other data', 'interesting rules', 'change patterns', 'test data', 'filter data', 'rules sets', 'case study']
5446340,precision,0.3,recall,0.5,['data stream', 'online methods', 'majority techniques', 'electricity data', 'real-world data', 'batch-learning methods', 'online learning', 'learning approach', 'asynthetic data', 'concept drift']
13066434,precision,0.0,recall,0.0,['johnson-lindenstrauss lemma', 'dimensional sphere', 'algorithmic framework', 'geodesic distances', 'spherical setting', 'high-dimensional points', 'unified algorithmic', 'data sets', 'mds variants', 'quality solutions']
13035191,precision,0.0,recall,0.0,['news site', 'news extraction', 'news pages', 'news bodies', 'template-independent wrapper', 'web news', 'labeled news', 'single news', 'news websites', 'news article']
4700797,precision,0.0,recall,0.0,['sampling algorithm', 'expensive aspect', 'state-of-the-art algorithm', 'accuracy guarantees', 'computationally expensive', 'expensive domains', 'effective approach', 'distances computed', 'distance-based outliers', 'simple sampling']
720941,precision,0.2,recall,0.4,['collective inference', 'data instances', 'inference techniques', 'statistical models', 'classification error', 'traditional inference', 'related data', 'relational classification', 'simulated data', 'classification procedures']
5014927,precision,0.1,recall,0.2,['kernel methods', 'binary-class problems', 'kernel learning', 'regularized kernel', 'kernel matrices', 'kernel discriminant', 'binary-class case', 'pre-specified kernel', 'kernel matrix', 'multi-class case']
239095,precision,0.1,recall,0.3333333333333333,['computational time', 'computational results', 'linear program', 'linear equations', 'linear proximal', 'svm classifiers', 'standard svm', 'machine classifiers', 'nonlinear classifier', 'available datasets']
3852549,precision,0.2,recall,0.4,['mining method', 'text documents', 'comparable text', 'different languages', 'comparable corpora', 'chinese-english comparable', 'text corpora', 'mapping words', 'frequency correlations', 'cross-lingual text']
4100505,precision,0.2,recall,0.3333333333333333,['blog communities', 'community factorization', 'community extraction', 'such communities', 'community graph', 'community intensity', 'meaningful communities', 'optimization problems', 'factorization problem', 'experimental studies']
6259100,precision,0.0,recall,0.0,['random variables', 'itemset patterns', 'frequent itemset', 'empirical study', 'useful representation', 'markov random', 'random fields', 'real datasets', 'probabilistic approach', 'approach items']
11804378,precision,0.1,recall,0.3333333333333333,['regression problem', 'straightforward approach', 'non-linear problems', 'applicable problems', 'regression methods', 'nonparametric regression', 'stochastic problems', 'important problems', 'benchmark datasets', 'regression methodology']
4818705,precision,0.1,recall,0.25,['hidden markov', 'markov models', 'simple cases', 'discretization symbols', 'discretization methods', 'series discretization', 'life data', 'symbolic time', 'common discretization', 'unsupervised discretization']
120497,precision,0.2,recall,0.2857142857142857,['clustering algorithms', 'modeling high-dimensional', 'clustering tasks', 'modeling text', 'kmeans algorithm', 'high-dimensional text', 'expectation maximization', 'superior clusterings', 'high-dimensional spaces', 'modeling complex']
3792033,precision,0.2,recall,0.2,['data mining', 'mining tasks', 'data stream', 'user base', 'stream mining', 'text mining', 'rapid prototyping', 'complex data', 'tasks kdd', 'data pre-processing']
10181044,precision,0.0,recall,0.0,['updates analysis', 'site datapository.net', 'available site', 'bgp update', 'analysis tool', 'useful leads', 'surprising phenomena', 'desirable properties', 'mining bgp', 'automated bgp']
1522729,precision,0.0,recall,0.0,['lossless dataset', 'dataset compression', 'bayesian networks']
9757313,precision,0.1,recall,0.25,['compressing social', 'efficient compressibility', 'compressibility characteristics', 'different compressibility', 'social networks', 'web graph', 'structural properties', 'networks such', 'data structures', 'large network']
9944671,precision,0.2,recall,0.4,['social network', 'brand advertising', 'social theory', 'networking pages', 'brand audiences', 'on-line brand', 'privacy-friendly social', 'quasi-social networks', 'brand affinity', 'brand proximity']
13808584,precision,0.1,recall,0.3333333333333333,['human movement', 'periodic movement', 'range movements', 'present models', 'user movement', 'human mobility', 'human motion', 'social network', 'network structure', 'structural patterns']
4886672,precision,0.1,recall,0.16666666666666666,['netbatch system', 'systems grid', 'misconfigured machines', 'system services', 'monitoring system', 'entire system', 'data mining', 'detection algorithm', 'outliers detection', 'raw data']
11394822,precision,0.0,recall,0.0,['friend group', 'suggesting friends', 'novel friend', 'implicit groups', 'interaction-based affinity', 'group relationships', 'affinity ranking', 'experimental results', 'interaction-based metric', 'suggest algorithm']
1071109,precision,0.2,recall,0.6666666666666666,['pattern-growth approach', 'pattern-reduction approach', 'relational graphs', 'graph theory', 'edge connectivity', 'frequent graphs', 'mining requests', 'connectivity constraints', 'mining process', 'different mining']
435078,precision,0.0,recall,0.0,['clustering algorithm', 'clustering approach', 'document clustering', 'initialization algorithm', 'clustering solutions', 'individual components', 'hierarchical clustering', 'refinement algorithm', 'first algorithm', 'unsupervised approach']
4697802,precision,0.1,recall,0.25,['space linear', 'streaming algorithms', 'maximization problem', 'approximation algorithms', 'discrepancy maximization', 'exact algorithm', 'efficient algorithms', 'discrepancy region', 'small-space streaming', 'discrepancy functions']
15380,precision,0.0,recall,0.0,['real-world data', 'data sets', 'probabilistic inference', 'web users', 'semantic relationships', 'standard approaches', 'analysis tasks', 'semantic analysis', 'user sessions', 'tasks such']
9194903,precision,0.0,recall,0.0,['model training', 'training strategy', 'hybrid training', 'orkut dataset', 'empirical study', 'large-scale dataset', 'expectation-maximization algorithm', 'parallel computing', 'gibbs sampling', 'user information']
10038011,precision,0.1,recall,0.3333333333333333,['distance measure', 'novel distance', 'information retrieval', 'image processing', 'effective data', 'data mining', 'rock art', 'archaeological term', 'petroglyphs rock', 'cultural resource']
9284044,precision,0.1,recall,0.5,['model recommender', 'evaluation metric', 'netflix data', 'neighborhood models', 'factor models', 'new evaluation', 'top-k recommendation', 'recommender systems', 'combined model', 'recommendation task']
4469535,precision,0.1,recall,0.2,['dynamic employment', 'employment histories', 'normalization techniques', 'pre-processing techniques', 'securities dealers', 'fraudulent activity', 'formation techniques', 'innovative technique', 'securities industry', 'dataset suitable']
10095848,precision,0.1,recall,0.3333333333333333,['node labels', 'network structural', 'network clustering', 'label information', 'label acquisition', 'labeled data', 'collective labeling', 'large networks', 'effective label', 'neighboring label']
1288009,precision,0.0,recall,0.0,['technical critiques', 'such systems', 'system concept', 'realistic systems', 'technical designs', 'particular system', 'hypothetical system', 'mining systems', 'specific conditions', 'overall architecture']
60813,precision,0.1,recall,0.25,['semi-supervised clustering', 'prototype-based clustering', 'clustering quality', 'clustering distortion', 'different clusters', 'unsupervised clustering', 'distance measure', 'data sets', 'probabilistic framework', 'similarity measures']
1094423,precision,0.3,recall,0.75,['prototype system', 'matching approach', 'system leila', 'approach profits', 'machine learning', 'extensive experiments', 'pattern matching', 'linguistic structures', 'text patterns', 'theoretical analysis']
5143105,precision,0.0,recall,0.0,['em framework', 'maximization problem', 'iterative procedure', 'trace maximization', 'experimental results', 'low-dimensional space', 'data points', 'learning algorithm', 'data mining', 'many data']
4398213,precision,0.0,recall,0.0,['random datasets', 'theoretical results', 'other datasets', 'meaningful information', 'swap randomization', 'randomization technique', 'simple randomization', 'different randomization', 'complex results', 'randomization methods']
10508839,precision,0.2,recall,0.5,['cost-sensitive learning', 'cost-sensitive decision', 'well-known cost-sensitive', 'learning approaches', 'software defects', 'defect report', 'ep system', 'decision tree', 'report data', 'software products']
5329968,precision,0.1,recall,0.25,['algorithmic problems', 'large datasets', 'spectral partitioning', 'good partition', 'other applications', 'domains other', 'real data', 'segmented nestedness', 'interesting properties', 'species distribution']
9101741,precision,0.1,recall,0.25,['biology database', 'protein records', 'real-world problem', 'positive examples', 'incomplete set', 'molecular biology', 'new methods', 'svm method', 'negative examples', 'unlabeled examples']
464109,precision,0.0,recall,0.0,['support vector', 'vector machines', 'alpha seeding']
4046,precision,0.0,recall,0.0,['machine classifiers', 'support vector', 'vector machine', 'other classifiers', 'classifier scores', 'naive bayes', 'multiclass probability', 'two-class probability', 'experimental results', 'probability estimates']
5005014,precision,0.0,recall,0.0,['multi-way associations', 'association finding', 'safety problems', 'web environment', 'polytherapy situations', 'case details', 'combination drugs', 'drug safety', 'safety profiles', 'demographic factors']
4056131,precision,0.0,recall,0.0,['duplicate-document recall', 'computational requirements', 'similarity computation', 'small increases', 'detection accuracy', 'detection techniques', 'near-replica detection', 'randomization detection', 'relative improvement', 'spam-email datasets']
852338,precision,0.1,recall,0.1,['problem paradigm', 'generation problem', 'coral method', 'new paradigm', 'automatic mlc', 'coral prototype', 'real mlc', 'preliminary testing', 'new methodology', 'mlc case']
11142969,precision,0.1,recall,0.3333333333333333,['efficient algorithm', 'user studies', 'user feedback', 'web users', 'news data', 'news articles', 'real news', 'good chain', 'news domain', 'theoretical guarantees']
10757352,precision,0.0,recall,0.0,['insurance claims', 'research problems', 'problem formulation', 'typical insurer', 'claims data', 'typical health', 'health insurer', 'administrative staff', 'evaluation metrics', 'learning techniques']
9617212,precision,0.1,recall,0.3333333333333333,['sampling schemes', 'sampling method', 'gibbs sampling', 'text corpora', 'fast sampling', 'equivalent samples', 'real world', 'world text', 'real-word corpora', 'computation time']
9336615,precision,0.0,recall,0.0,['categorization tasks', 'well-known algorithms', 'efficient algorithm', 'general framework', 'representative algorithms', 'page categorization', 'document categorization', 'special cases', 'multi-topic web', 'different labels']
1092205,precision,0.2,recall,1.0,['significant loss', 'learning models', 'model compression', 'supervised learning', 'test sets', 'complex ensembles', 'hea-ring aids', 'storage space', 'base-level classifiers', 'many classifiers']
10346388,precision,0.0,recall,0.0,['discriminative model', 'individual models', 'hybrid model', 'generative model', 'training examples', 'final estimation', 'auc score', 'false-positive rate', 'feature groups', 'feature space']
280213,precision,0.0,recall,0.0,['data mining', 'mining research', 'data sets', 'large data', 'kdd archive', 'uci kdd']
9942032,precision,0.2,recall,0.5,['heuristic algorithms', 'greedy algorithm', 'approximation algorithm', 'influence spread', 'influence cascade', 'matching influence', 'centrality-based heuristics', 'influence thread', 'influence maximization', 'networks influence']
4031511,precision,0.1,recall,0.25,['exhaustive search', 'decision trees', 'heuristic decision', 'tree learners', 'same constraints', 'leaf constraints', 'itemset lattices', 'optimal trees', 'constraint-based decision', 'optimal decision']
3769919,precision,0.0,recall,0.0,['dblp dataset', 'query nodes', 'fast approximation', 'good accuracy', 'multi-source queries', 'master-mind criminal', 'connection subgraphs', 'timing results', 'intermediate nodes', 'good connection']
9521135,precision,0.1,recall,0.25,['clustering accuracy', 'spectral clustering', 'cluster data', 'k-means clustering', 'comparable accuracy', 'single machine', 'high-quality clusterings', 'clustering procedures', 'extensive experiments', 'approximate spectral']
9403280,precision,0.0,recall,0.0,['potential artists', 'potential time', 'content queries', 'detection algorithm', 'success potential', 'breakthrough potential', 'query strings', 'p2p query', 'geographic region', 'detection process']
125023,precision,0.0,recall,0.0,['roc representation']
3568707,precision,0.2,recall,0.6666666666666666,['filter model', 'feature selection', 'data high-dimensional', 'empirical study', 'feature redundancy', 'irrelevant features', 'real-world data', 'extensive empirical', 'data mining', 'pre-processing high-dimensional']
524910,precision,0.0,recall,0.0,['outlier scores', 'different outliers', 'records outlier', 'quality outliers', 'individual outlier', 'multiple outlier', 'detection outlier', 'outlier detector', 'base algorithm', 'detection algorithm']
1009607,precision,0.0,recall,0.0,['motion-capture data', 'handwriting data', 'real world', 'world problems', 'such transformations', 'applications such', 'areas such', 'new space', 'additional transformations', 'posture estimation']
1186368,precision,0.0,recall,0.0,['detects plagiarism', 'plagiarism search', 'new plagiarism', 'software plagiarism', 'few seconds', 'current plagiarism', 'program dependence', 'detection tools', 'experiment study', 'graphic representation']
813130,precision,0.0,recall,0.0,['quantile estimation', 'incremental quantile', 'massive tracking']
