10001128,precision,0.1,recall,0.5,['problem entity', 'problem concrete', 'sentence talks', 'product names', 'opinion mined', 'comparative sentences', 'multiple products', 'applications opinion', 'entity discovery', 'entity assignment']
10005232,precision,0.1,recall,0.166666667,['feature groups', 'dense feature', 'feature selection', 'dense group', 'stable feature', 'selection algorithms', 'algorithm drags', 'group selector', 'redundant features', 'many feature']
10010518,precision,0,recall,0,['rank patents', 'patent rating', 'patent evaluation', 'patent data', 'patent cluster', 'valuable patents', 'patent status', 'indirect patent', 'novel patents', 'ip department']
10011554,precision,0.1,recall,0.2,['short summaries', 'sequences event', 'summarization problem', 'large event', 'optimization problem', 'comprehensive summaries', 'large datasets', 'local patterns', 'alternative approach', 'local structures']
10017791,precision,0.1,recall,0.333333333,['method rtf', 'tf methods', 'recommendation methods', 'prediction method', 'recommendation tag', 'optimal ranking', 'state-of-the-art tag', 'optimization problem', 'prediction runtime', 'other tf']
10038011,precision,0,recall,0,['petroglyphs rock', 'rock art', 'north america', 'data mining', 'large impacts', 'generalized hough', 'human-made markings', 'human endeavors', 'archaeological term', 'distance measure']
10061437,precision,0.2,recall,0.4,['relevance approach', 'greedy approach', 'query abandonment', 'new approach', 'click-through rate', 'theoretical guarantees', 'rate analysis', 'negative inferences', 'natural objective', 'marginal relevance']
10078748,precision,0.1,recall,0.166666667,['social influence', 'topic-level influence', 'influence propagation', 'social networks', 'strong influence', 'influence analysis', 'topic-level social', 'large networks', 'topic modeling', 'network structure']
10095848,precision,0.1,recall,0.333333333,['label information', 'node labels', 'label acquisition', 'collective labeling', 'effective label', 'labeled data', 'neighboring label', 'acquisition method', 'network clustering', 'network structural']
1009607,precision,0,recall,0,['handwriting data', 'motion-capture data', 'such transformations', 'applications such', 'areas such', 'handwriting recognition', 'synthetic handwriting', 'posture estimation', 'distance measures', 'real world']
10105197,precision,0.3,recall,0.6,['network evolution', 'network properties', 'affiliation networks', 'network generation', 'social network', 'real-world networks', 'complex networks', 'group formation', 'link formation', 'generative models']
10151654,precision,0.2,recall,0.333333333,['data centers', 'center chillers', 'data streams', 'chiller operating', 'data mining', 'temporal data', 'series data', 'tuning chiller', 'chiller behavior', 'sustainable operation']
10164574,precision,0.2,recall,0.666666667,['entity attributes', 'person entities', 'entity identification', 'discriminative entity', 'such attributes', 'joint entity', 'structured entities', 'em algorithm', 'such age-group', 'document categorization']
10181044,precision,0,recall,0,['bgp update', 'automated bgp', 'mining bgp', 'updates analysis', 'surprising phenomena', 'useful leads', 'gateway protocol', 'communication protocols', 'analysis tool', 'massive trace']
10186200,precision,0.1,recall,0.166666667,['shortest-path distance', 'destination node', 'dissimilarity measures', 'rsp dissimilarity', 'shortest-path policy', 'particular node', 'link-based dissimilarity', 'standard shortest-path', 'commute-time distances', 'random walker']
10193735,precision,0.1,recall,0.25,['source domain', 'domain distribution', 'target domain', 'cross domain', 'categorization problem', 'source code', 'kernel approach', 'kernel space', 'transfer algorithms', 'text categorization']
10201372,precision,0,recall,0,['supervised models', 'base model', 'quality measure', 'newsgroups data', 'other models', 'model due', 'clustering quality', 'cora research', 'movies datasets', 'accurate model']
10201458,precision,0,recall,0,['algorithm isa', 'mining algorithms', 'rap framework', 'analysis framework', 'several algorithms', 'real-valued patterns', 'pattern mining', 'coherent biclusters', 'enriched patterns', 'possible biclusters']
10224533,precision,0.1,recall,0.5,['discriminatory rules', 'discriminatory classification', 'discriminatory attributes', 'credit approval', 'classification rules', 'german credit', 'credit dataset', 'association rules', 'individual merit', 'background knowledge']
10236111,precision,0.1,recall,0.5,['snp-pair anova', 'anova test', 'effective snp-pair', 'snp-pair pruning', 'candidate snp-pairs', 'permutation test', 'phenotype permutation', 'snp pairs', 'single-snp anova', 'efficient upper']
10257235,precision,0.1,recall,0.333333333,['modern portfolio', 'portfolio theory', 'right tradeoff', 'privacy-utility tradeoff', 'privacy gains', 'risk-return tradeoff', 'data utility', 'uci machine', 'evaluation methodology', 'financial investment']
10269043,precision,0,recall,0,['user similarity', 'participation behavior', 'different features', 'structural relationships', 'grouping behavior', 'feature factors', 'markov random', 'such behavior', 'user participation', 'node-level features']
10275752,precision,0,recall,0,['advertisement clickthrough', 'keyword advertising', 'advertising platforms', 'online advertising', 'large-scale advertising', 'averaged perceptron', 'broad matching', 'amnesiac averaged', 'learning algorithm', 'effective broad']
10284571,precision,0.3,recall,0.75,['search logs', 'search engines', 'data-driven applications', 'query sessions', 'dissatisfactory query', 'query analysis', 'various data-driven', 'olap system', 'many data-driven', 'query suggestion']
10285045,precision,0.1,recall,0.333333333,['efficient crawler', 'various forums', 'web forums', 'forum site', 'coverage ratio', 'various pages', 'bandwidth utilization', 'high coverage', 'individual pages', 'state-of-the-art methods']
10346388,precision,0.2,recall,0.5,['bayes principle', 'naive bayes', 'hybrid model', 'individual models', 'discriminative model', 'generative model', 'logistic regression', 'email spam', 'auc score', 'feature groups']
10351682,precision,0.1,recall,0.333333333,['distance-based approaches', 'high-dimensional data', 'method lof', 'distance-based method', 'new approach', 'difference vectors', 'novel approach', 'different mechanisms', 'different groups', 'data objects']
10489135,precision,0.1,recall,0.25,['approximation algorithm', 'approximation guarantee', 'approximation factor', 'general algorithm', 'first algorithm', 'constant-factor approximation', 'provable approximation', 'community structure', 'dynamic communities', 'such structure']
1049322,precision,0.1,recall,0.2,['decision tree', 'intuitive layout', 'classification methods', 'convenient navigation', 'other classification', 'visual projection', 'knowledge discovery', 'additional knowledge', 'interactive construction', 'actual examples']
10508839,precision,0.1,recall,0.25,['software defects', 'reported defects', 'software products', 'enterprise software', 'software vendor', 'historic defect', 'software development', 'lengthy software', 'escalation prediction', 'escalation risk']
10514814,precision,0.1,recall,0.25,['san francisco', 'spatio-temporal data', 'francisco bay', 'change detection', 'entire state', 'cover change', 'well-known change', 'science data', 'study land', 'new change']
10561862,precision,0.3,recall,0.6,['heap dump', 'heap profiling', 'memory leaks', 'graph mining', 'graph grammar', 'tools such', 'state-of-the-art tools', 'leak sources', 'dumps memory', 'mining work']
10597102,precision,0.2,recall,0.333333333,['information diffusion', 'influence information', 'information cascades', 'media sites', 'diffusion network', 'news media', 'optimal network', 'core media', 'media space', 'online media']
10655059,precision,0,recall,0,['aspect opinion', 'aspect ratings', 'latent opinion', 'reviewers rating', 'latent aspect', 'opinionated text', 'opinion summarization', 'hotel review', 'different aspects', 'new opinionated']
1071109,precision,0.2,recall,0.666666667,['pattern-growth approach', 'pattern-reduction approach', 'relational graphs', 'graph theory', 'frequent graphs', 'mining requests', 'edge connectivity', 'mining process', 'different mining', 'connectivity constraints']
10757352,precision,0,recall,0,['insurance claims', 'health insurer', 'claims data', 'typical insurer', 'insurance companies', 'payment errors', 'insurance costs', 'problem formulation', 'research problems', 'typical health']
10837032,precision,0.2,recall,0.5,['dataflow implementation', 'dataflow cf', 'co-clustering large', 'dataflow solution', 'co-clustering framework', 'dataflow library', 'cf implementation', 'efficient dataflow', 'netflix prize', 'netflix data']
10837037,precision,0.1,recall,0.2,['dynamic biological', 'biological networks', 'dynamic networks', 'transformation rules', 'mining approach', 'graph-rewriting rules', 'biological literature', 'dynamic graph-based', 'dynamic features', 'structural changes']
10843921,precision,0.1,recall,0.333333333,['commercial intent', 'training data', 'data classification', 'data sources', 'classification accuracy', 'data mining', 'nlp community', 'search query', 'quality training', 'kdd tasks']
10843923,precision,0.2,recall,0.5,['object classification', 'web objects', 'classification problem', 'web classification', 'labeled objects', 'objects such', 'unlabeled objects', 'non-textual objects', 'social tagging', 'heterogeneous web']
10903275,precision,0,recall,0,['optimization formulation', 'projected gradient', 'gradient scheme', 'gradient algorithms', 'optimization problem', 'learning formulation', 'optimization subproblem', 'convex surrogate', 'projection subproblem', 'unconstrained optimization']
1092205,precision,0.1,recall,0.5,['storage space', 'complex ensembles', 'hea-ring aids', 'base-level classifiers', 'significant loss', 'learning models', 'many classifiers', 'model compression', 'computational power', 'test sets']
10925003,precision,0.1,recall,0.333333333,['communication networks', 'communication services', 'person-to-person network', 'patterns such', 'real networks', 'social networks', 'human communication', 'time-evolving networks', 'weighted person-to-person', 'personal communication']
1094028,precision,0.1,recall,0.125,['feature set', 'binary feature', 'optimal itemsets', 'distinctive power', 'total set', 'quality measure', 'new approach', 'informative k-itemsets', 'joint entropy', 'mining binary']
10940984,precision,0.1,recall,0.333333333,['heuristic algorithms', 'algorithm scales', 'greedy algorithm', 'scalable influence', 'influence maximization', 'influence spread', 'networks influence', 'influence cascade', 'scalable heuristics', 'certain influence']
1094423,precision,0.1,recall,0.25,['prototype system', 'system leila', 'approach profits', 'matching approach', 'text patterns', 'extensive experiments', 'surface text', 'linguistic structures', 'pattern matching', 'text documents']
10971362,precision,0.2,recall,0.333333333,['concurrency bug', 'approach software', 'software systems', 'classification technique', 'mysql server', 'software behaviors', 'software reliability', 'benchmark software', 'technique first', 'failure detection']
11080150,precision,0.1,recall,0.333333333,['inference methods', 'sampling methods', 'topic inference', 'new method', 'several methods', 'efficient methods', 'model inference', 'classification-based inference', 'inference techniques', 'approximate inference']
1110787,precision,0.1,recall,0.25,['web users', 'web recommendation', 'features web', 'web usage', 'semantic features', 'user models', 'entropy web', 'semantic information', 'content features', 'recommendation system']
11117574,precision,0.3,recall,0.75,['metrics learned', 'learning task', 'transfer learning', 'transfer metric', 'multi-task learning', 'learning applications', 'multi-task metric', 'task relationships', 'task covariance', 'distance metric']
11134936,precision,0.2,recall,0.333333333,['folksonomy learning', 'structured metadata', 'accurate folksonomies', 'approach clusters', 'social metadata', 'metadata many', 'descriptive metadata', 'social content', 'personal hierarchies', 'site flickr']
11142969,precision,0,recall,0,['user feedback', 'home prices', 'user studies', 'efficient algorithm', 'web users', 'good chain', 'health-care debate', 'ongoing health-care', 'theoretical guarantees', 'intelligence analysts']
11213575,precision,0.1,recall,0.333333333,['topic model', 'online topic', 'document collections', 'real documents', 'inference procedures', 'dynamic topic', 'online inference', 'stochastic em', 'em algorithm', 'robust model']
11270958,precision,0.2,recall,0.666666667,['document clustering', 'text documents', 'document representation', 'text clustering', 'document content', 'clustering framework', 'category information', 'concept information', 'clustering method', 'different clusters']
11279489,precision,0,recall,0,['experimental processes', 'overall experimental', 'experimental environment', 'experiment infrastructure', 'users experience', 'experiment system', 'overlapping experiment', 'such changes', 'educational processes', 'subtle changes']
11394822,precision,0,recall,0,['gmail labs', 'friend group', 'friend suggestion', 'labs features', 'implicit groups', 'cluster contacts', 'suggest algorithm', 'novel friend', 'interaction-based affinity', 'group relationships']
1141080,precision,0.4,recall,0.666666667,['dimensionality curse', 'high dimensional', 'similarity indexing', 'dimensional space', 'igrid index'],,,,,
11470328,precision,0.2,recall,0.666666667,['bootstrap probabilistic', 'probabilistic graph', 'interest groups', 'probabilistic graph-based', 'start link', 'link prediction', 'cold start', 'initial information', 'social network', 'other information']
11482753,precision,0.1,recall,0.25,['source domain', 'target domains', 'domain adaptation', 'distribution gap', 'distribution difference', 'adaptation method', 'underlying distributions', 'concept space', 'learning methods', 'labeled data']
11536257,precision,0.2,recall,0.666666667,['efficient feature', 'parameter learning', 'structure learning', 'likelihood estimation', 'parameter estimation', 'fields feature', 'grafting method', 'estimation problem', 'significant features', 'feature selection']
11539451,precision,0.1,recall,0.333333333,['dozen benchmark', 'benchmark real', 'query vertex', 'networks compressing', 'neighbor queries', 'empirical study', 'compression approach', 'compressing social', 'data sets', 'data structure']
11546904,precision,0.2,recall,0.5,['advisor-advisee relationship', 'relationship mining', 'coauthor network', 'research publication', 'research community', 'publication network', 'mining advisor-advisee', 'bibliographic network', 'likely advisor-advisee', 'information network']
11626792,precision,0.3,recall,0.75,['online algorithms', 'discovery algorithm', 'online motif', 'motif discovery', 'offline algorithms', 'mining algorithms', 'online discovery', 'multidimensional motifs', 'series motifs', 'time series']
11669627,precision,0,recall,0,['classification algorithm', 'offset tree', 'binary classification', 'binary classifier', 'test time', 'optimal reduction', 'partial information', 'partial labels', 'information setting', 'alternative approaches']
1167574,precision,0.1,recall,0.142857143,['space systems', 'spacecraft system', 'international space', 'telemetry data', 'spacecraft anomaly', 'system components', 'space station', 'feature space', 'space environment', 'space development']
1167595,precision,0.1,recall,0.166666667,['weighted graph', 'graph sequence', 'principal eigenvector', 'faulty services', 'web-based system', 'adjacency matrix', 'management systems', 'computer systems', 'detection method', 'feature vector']
1167659,precision,0.1,recall,0.166666667,['rule weighting', 'rule validation', 'comprehensible rules', 'host anomalies', 'novel attacks', 'lerad algorithm', 'weighting schemes', 'validation set', 'associate weights', 'held-out validation']
11804378,precision,0.1,recall,0.333333333,['regression problem', 'regression methods', 'data mining', 'non-linear problems', 'applicable problems', 'regression methodology', 'mining practitioners', 'stochastic problems', 'important problems', 'nonparametric regression']
11842174,precision,0,recall,0,['entity categorization', 'large document', 'related entities', 'document context', 'prior approaches', 'document collections', 'unstructured document', 'multiple documents', 'local document', 'large lists']
1186368,precision,0,recall,0,['detects plagiarism', 'software plagiarism', 'plagiarism search', 'current plagiarism', 'new plagiarism', 'program dependence', 'detection tool', 'state-of-the-art tools', 'mining program', 'statement reordering']
1195189,precision,0.2,recall,0.666666667,['efficient closure', 'closure checking', 'thorough performance', 'performance study', 'quasi-clique mining', 'mining algorithm', 'checking scheme', 'quasi-clique discovery', 'graph mining', 'closed quasi-clique']
11980488,precision,0.1,recall,0.2,['functional space', 'loss function', 'basis functions', 'structure relationships', 'classification algorithm', 'algorithms based', 'classification models', 'based classification', 'graph classification', 'base learners']
11981864,precision,0.1,recall,0.333333333,['website traffic', 'peak traffic', 'traffic pattern', 'overall traffic', 'media content', 'algorithmic schedules', 'web traffic', 'content declines', 'new content', 'media scheduling']
1209092,precision,0.1,recall,0.25,['combined solution', 'clustering solutions', 'data clustering', 'probabilistic model', 'objective criteria', 'model parameters', 'result section', 'combination approaches', 'combining multiple', 'unseen objects']
1220729,precision,0,recall,0,['segmentation algorithms', 'different segmentation', 'non-overlapping segments', 'input segmentations', 'sequence segmentation', 'different partitions', 'partitions partitions', 'same timeline', 'many different', 'time partitions']
1225233,precision,0.1,recall,0.25,['visualization technique', 'easy-to-interpret visualization', 'model visualization', 'odds ratio', 'log odds', 'ratio scale', 'predictive feature', 'effective way', 'support vector', 'vector machines']
1239715,precision,0,recall,0,['donation data', 'kdd cup', 'cost-sensitive decision', 'promotion data', 'decision rules', 'decision making', 'well-known kdd', 'data mining', 'learn decision', 'sequential decision']
1288009,precision,0,recall,0,['technical critiques', 'such systems', 'particular system', 'system concept', 'realistic systems', 'hypothetical system', 'mining systems', 'technical designs', 'prospective technical', 'technical assessment']
13035191,precision,0,recall,0,['news pages', 'news bodies', 'news sites', 'template-independent wrapper', 'news extraction', 'web news', 'news articles', 'single news', 'news websites', 'news titles']
13066434,precision,0.1,recall,0.5,['johnson-lindenstrauss lemma', 'dimensional sphere', 'algorithmic framework', 'high-dimensional points', 'geodesic distances', 'memory footprint', 'unified algorithmic', 'multi-dimensional scaling', 'guaranteed convergence', 'small memory']
13083411,precision,0.1,recall,0.25,['clustering algorithm', 'clustered graph', 'algorithm metis', 'deterministic algorithm', 'cluster boundaries', 'online algorithms', 'query time', 'personalized graph', 'graphs link', 'high conductance']
1317160,precision,0,recall,0,['pricing e-content', 'customer behavior', 'customer valuations', 'customer value', 'transient customer', 'e-content markets', 'e-content provider', 'internet market', 'such e-content', 'behavior parameters']
13194551,precision,0.1,recall,0.25,['cur decompositions', 'nonnegative cur', 'matrix decomposition', 'nonnegative matrix', 'nonnegative cx', 'interpretable nonnegative', 'nonnegative matrices', 'cur problems', 'column-row decompositions', 'nonnegative linear']
13222302,precision,0,recall,0,['ptd function', 'taxi drivers', 'coaching drivers', 'candidate sequence', 'transportation systems', 'potential travel', 'recommendation system', 'location traces', 'potential parking', 'energy-efficient transportation']
1342241,precision,0.2,recall,0.5,['rule query', 'rules rule', 'calculus rc', 'query language', 'query evaluation', 'language rule-ql', 'multiple rulebases', 'rule mining', 'mining rulebases', 'first-order logic']
13502551,precision,0.2,recall,0.4,['regularization framework', 'aol query', 'iterative framework', 'query suggestion', 'query log', 'co-hits algorithm', 'previous algorithms', 'baseline method', 'bipartite graph', 'significant improvement']
1353138,precision,0,recall,0,['utility criteria', 'general class', 'sampling algorithm', 'sequential sampling'],,,,,,
1364456,precision,0,recall,0,['classification behavior', 'classification characteristics', 'dna string', 'such strings', 'effective classification', 'classification task', 'long strings', 'different data', 'different levels', 'local behavior']
1364573,precision,0.1,recall,0.166666667,['software system', 'functional requirements', 'software requirements', 'interaction-pattern mining', 'usage scenarios', 'subject system', 'interaction-pattern discovery', 'requirements loss', 'system users', 'real application']
1370349,precision,0,recall,0,['month period', 'period shows', 'calling patterns', 'wireless calls', 'customer patterns', 'wireless customers', 'patterns transaction', 'current customers', 'transaction data', 'customer information']
1374932,precision,0.3,recall,1,['series data', 'partial information', 'series similarity', 'similarity measure', 'stock market', 'whole information', 'time series', 'similarity models', 'raw data', 'series behaviors']
13755742,precision,0,recall,0,['networked data', 'data likelihood', 'data sets', 'community outliers', 'dblp data', 'synthetic data', 'modeling networked', 'blog data', 'web data', 'community information']
13755977,precision,0.2,recall,0.666666667,['ranked objects', 'ranking results', 'graph-based ranking', 'classification framework', 'ranking algorithm', 'quality ranking', 'ranking distribution', 'iterative classification', 'ranking-based classification', 'meaningful ranking']
13802275,precision,0.2,recall,0.666666667,['friend network', 'new friend', 'vulnerable friend', 'secure user', 'user privacy', 'networking security', 'new security', 'media friends', 'entire friend', 'social network']
13808584,precision,0.1,recall,0.333333333,['human movement', 'human mobility', 'social network', 'social constraints', 'periodic movement', 'human motion', 'cell phone', 'social relationships', 'location-based social', 'network structure']
13809567,precision,0.4,recall,0.333333333,['cox feature', 'cox model', 'prediction stroke', 'cox proportional', 'concordance index', 'regression algorithm', 'hazards model', 'feature selection', 'cardiovascular health', 'accurate prediction']
13928451,precision,0.2,recall,0.666666667,['probabilistic database', 'probabilistic data', 'data uncertainty', 'probabilistic guarantees', 'frequent patterns', 'biological databases', 'guarantees data', 'uncertain data', 'effcient algorithms', 'world semantics']
14051997,precision,0.2,recall,0.666666667,['scalable approach', 'exhaustive-search approach', 'yield significant', 'independent-cascade model', 'little accuracy', 'influence networks', 'significant improvements', 'influence-propagation networks', 'sparsified models', 'influence-maximization problem']
14058457,precision,0.1,recall,0.25,['link prediction', 'new links', 'link recommendation', 'future links', 'networks link', 'real-world link', 'high link', 'prediction features', 'new prediction', 'place features']
14076694,precision,0,recall,0,['probabilistic database', 'dp algorithm', 'candidate sequences', 'pattern mining', 'candidate generate-and-test', 'probabilistic pruning', 'sequential pattern', 'c. aggarwal', 'database framework', 'dynamic programming']
14125260,precision,0,recall,0,['dsgd implementation', 'stochastic gradient', 'stratum losses', 'stochastic approximation', 'sgd variant', 'loss function', 'iterative stochastic', 'stochastic optimization', 'novel algorithm', 'matrix factorizations']
14344924,precision,0,recall,0,['real-time bid', 'bidding landscape', 'bidding algorithm', 'adjusts bids', 'impression level', 'value-based bids', 'real-time constraint', 'historical bidding', 'ad impressions', 'ad delivery']
1473866,precision,0,recall,0,['similarity measures', 'string similarity', 'text similarity', 'measures suitable', 'database field', 'trainable measures', 'learnable string', 'such measures', 'textual similarity', 'learnable text']
1522729,precision,0,recall,0,['lossless dataset', 'dataset compression', 'bayesian networks'],,,,,,,
1523191,precision,0.1,recall,0.25,['image patterns', 'viewpoint patterns', 'image databases', 'image repositories', 'image sets', 'various image', 'useful image', 'such viewpoint', 'mining viewpoint', 'relative distance']
2341962,precision,0.1,recall,0.2,['grid points', 'sparse grids', 'grid combination', 'new method', 'data points', 'method scales', 'conventional grids', 'grid solution', 'other methods', 'mesh size']
2353166,precision,0.5,recall,0.25,['vlsi testing', 'ic test', 'test data', 'mining ic'],,,,,,
2916145,precision,0,recall,0,['density region', 'significant spatial', 'rectangular region', 'maximum density', 'dense regions', 'maximum score', 'spatial disease', 'spatial clusters', 'disease cluster', 'statistic dk']
3568707,precision,0.2,recall,0.666666667,['high-dimensional data', 'redundant features', 'feature selection', 'real-world data', 'data mining', 'irrelevant features', 'pre-processing high-dimensional', 'successful data', 'filter model', 'empirical study']
3680878,precision,0,recall,0,['system measurements', 'intrusion-detection systems', 'system behavior', 'cpu cycles', 'intrusion-detection rates', 'abnormal computer', 'high intrusion-detection', 'many cpu', 'different measurements', 'particular computer']
3744882,precision,0,recall,0,['data mining', 'web data', 'clickstream data', 'scalable data', 'mining process', 'mining mass', 'mining dynamic', 'user profiles', 'data streams', 'correct profiles']
3748056,precision,0,recall,0,['private protocols', 'classification protocols', 'protocol participants', 'new protocols', 'computation protocols', 'kernel adatron', 'kernel perceptron', 'kernel computation', 'kernel value', 'polynomial kernel']
3769914,precision,0,recall,0,['user query', 'query pattern', 'sample query', 'author-publication graph', 'data graph', 'dblp graph', 'graph indexing', 'nq nodes', 'recent graph', 'graph x-ray']
3769919,precision,0.1,recall,0.333333333,['query nodes', 'law enforcement', 'dblp dataset', 'connection subgraphs', 'master-mind criminal', 'multi-source queries', 'intermediate nodes', 'center-piece subgraphs', 'subgraph algorithm', 'fast approximation']
3779321,precision,0.625,recall,0.833333333,['minimum interestingness', 'frequent itemsets', 'bayesian network', 'background knowledge', 'efficient algorithms', 'pruning frequent', 'practical usefulness', 'absolute difference'],,
3780602,precision,0.2,recall,0.5,['risk pattern', 'pattern discovery', 'mining risk', 'discovery problem', 'optimal risk', 'relative risk', 'pattern sets', 'anti-monotone property', 'ace inhibitors', 'rule discovery']
3785570,precision,0.2,recall,0.5,['adjustment method', 'mining phenotypes', 'data mining', 'previous methods', 'informative genes', 'microarray gene', 'phenotype structure', 'mining microarray', 'gene expression', 'data sets']
3788999,precision,0,recall,0,['text documents', 'document databases', 'individual documents', 'non-hyperlinked document', 'influential documents', 'document similarity', 'content-based methods', 'bibliometric methods', 'nips conference', 'conference proceedings']
3792033,precision,0.1,recall,0.1,['rapid prototyping', 'new methods', 'data mining', 'prototyping tool', 'mining tasks', 'tasks kdd', 'ensemble methods', 'prototyping phase', 'new applications', 'user base']
3809174,precision,0.1,recall,0.2,['physician acceptance', 'regulatory barrier', 'extraction algorithm', 'medical-decision support', 'optimization criteria', 'different optimization', 'linear classifiers', 'linear support', 'optimization problem', 'lung cancer']
3816158,precision,0,recall,0,['elefant toolbox', 'source code', 'different regularizers', 'convex solver', 'different estimation', 'open source', 'l2 penalties', 'estimation problems', 'different notions', 'different algorithms']
3852549,precision,0.1,recall,0.2,['text corpora', 'comparable text', 'comparable corpora', 'text documents', 'different languages', 'mining method', 'cross-lingual text', 'bilingual text', 'such text', 'comparable bilingual']
3858841,precision,0,recall,0,['mineral classes', 'reflectance spectrometers', 'specific minerals', 'spectral intensity', 'other mineral', 'distinctive spectral', 'mineral composition', 'search technique', 'search procedures', 'spectral intervals']
3859887,precision,0.2,recall,0.5,['frequent pattern', 'semantic pattern', 'synonym patterns', 'pattern mining', 'pattern annotations', 'similar patterns', 'informative context', 'semantic classes', 'semantic annotations', 'non-semantical information']
3869373,precision,0,recall,0,['tested software', 'ifn algorithm', 'automated software', 'software outputs', 'software failures', 'polar lander', 'mars polar', 'test automation', 'test outputs', 'lander shutdown']
3906628,precision,0.1,recall,0.2,['clustering model', 'correlation clusters', 'clustering algorithm', 'quantitative model', 'second step', 'clusters such', 'post-processing step', 'first step', 'system modelling', 'several algorithms']
3908215,precision,0.2,recall,0.666666667,['v-miner system', 'interesting rules', 'change patterns', 'parallel coordinate', 'target patterns', 'test data', 'data segments', 'decision makers', 'data mining', 'interesting change']
3918474,precision,0,recall,0,['cascade linear', 'cascade adaboost', 'cascade classification', 'cad problems', 'asymmetric cascade', 'lung nodules', 'feature computational', 'multi-slice ct', 'cad system', 'linear programs']
3920459,precision,0.2,recall,0.5,['dissimilarity matrices', 'dissimilarity data', 'clustering hierarchies', 'pairwise dissimilarity', 'dissimilarity matrix', 'clustering algorithms', 'pair-wise dissimilarity', 'previous clustering', 'sets ontologies', 'clustering methods']
3921987,precision,0.2,recall,0.333333333,['key-substring-group features', 'text classification', 'word features', 'classification applications', 'such features', 'suffix tree', 'classification tasks', 'various text', 'many text', 'vector machine']
3929140,precision,0.2,recall,0.666666667,['distance functions', 'kernel trick', 'data instances', 'nonlinear relationships', 'effective distance', 'data mining', 'information retrieval', 'trick tasks', 'good distance', 'contextual information']
3950072,precision,0,recall,0,['mined patterns', 'software traces', 'iterative patterns', 'program trace', 'software specification', 'sequential pattern', 'software behavioral', 'pattern miner', 'temporal patterns', 'interesting software']
3951829,precision,0.1,recall,0.25,['pearson correlation', 'such techniques', 'series data', 'window correlations', 'long-term correlation', 'data size', 'data stream', 'data rates', 'recent correlations', 'applications such']
3961369,precision,0.2,recall,0.5,['recoding methods', 'utility-based anonymization', 'anonymized data', 'utility-based method', 'efficient anonymization', 'effective anonymization', 'previous methods', 'global recoding', 'local recoding', 'recoding privacy']
4002392,precision,0.1,recall,0.5,['tracking problem', 'asteroid observation', 'possible linkages', 'observation data', 'tree algorithm', 'track initiation', 'sequential approach', 'multiple trees', 'significant benefit', 'underlying asteroid']
4016160,precision,0.1,recall,0.333333333,['lasso algorithm', 'graphical modeling', 'causal modeling', 'performance indicators', 'related algorithms', 'graphical granger', 'granger method', 'relative performance', 'temporal data', 'granger causality']
4031511,precision,0,recall,0,['decision tree', 'tree learners', 'leaf constraints', 'optimal trees', 'same constraints', 'itemset lattices', 'such trees', 'optimal decision', 'exhaustive search', 'heuristic decision']
4051385,precision,0.1,recall,0.25,['support measures', 'numerical attributes', 'numerical data', 'new support', 'categorical attributes', 'frequent patterns', 'interesting patterns', 'real-life datasets', 'rank-correlated sets', 'mining rank-correlated']
4056131,precision,0,recall,0,['detection techniques', 'randomization detection', 'near-replica detection', 'detection accuracy', 'similarity computation', 'lexicon randomization', 'duplicate-document recall', 'computational requirements', 'fingerprint-based methods', 'performance constraints']
4100505,precision,0.2,recall,0.333333333,['blog communities', 'community factorization', 'community extraction', 'such communities', 'community intensity', 'community graph', 'meaningful communities', 'blog communicates', 'blog data', 'real blog']
4186146,precision,0.2,recall,0.5,['databases mining', 'mining algorithms', 'graph databases', 'gspan algorithm', 'adi structure', 'index structure', 'structural patterns', 'pattern mining', 'disk-based databases', 'scalable mining']
4249633,precision,0.2,recall,0.5,['dea models', 'envelopment analysis', 'dea approach', 'roc analysis', 'problems dea', 'model combination', 'data envelopment', 'convex hull', 'popular roc', 'promising tool']
4270261,precision,0,recall,0,['drosophila embryo', 'berkeley drosophila', 'image database', 'embryo image', 'multimedia database', 'emml framework', 'database scale', 'evaluation purpose', 'state-of-the-art multimodal', 'emml approach']
4306370,precision,0,recall,0,['close-knit individuals', 'employment records', 'employment patterns', 'securities dealers', 'national association', 'risk scores', 'large-scale trends', 'small groups', 'other sets', 'unusual sequences']
4324571,precision,0.3,recall,0.375,['prediction function', 'box functions', 'functional anova', 'functions many', 'interpretation purposes', 'high-dimensional behavior', 'graphical model', 'additive models', 'interaction importance', 'prediction tool']
4398213,precision,0,recall,0,['random datasets', 'swap randomization', 'random artifact', 'randomization technique', 'randomization methods', 'different randomization', 'simple randomization', 'other datasets', 'theoretical results', 'data sets']
4413738,precision,0.1,recall,0.25,['network structure', 'moderate-size networks', 'network properties', 'network statistics', 'graph diameter-requires', 'graph distance', 'betweenness centrality', 'short paths', 'structure index', 'structure indices']
4422616,precision,0,recall,0,['hedge algorithm', 'unsupervised hedge', 'sources pattern', 'mining algorithms', 'original hedge', 'techniques such', 'unsupervised learning', 'aggregation techniques', 'alternative techniques', 'data mining']
4453627,precision,0,recall,0,['multiple resolutions', 'pre-existing hierarchies', 'rare events', 'estimating rates', 'second stage', 'first stage', 'occurrence rates', 'sibling nodes', 'sampling method', 'sparse data']
4469535,precision,0.1,recall,0.2,['formation techniques', 'massachusetts amherst', 'normalization techniques', 'pre-processing techniques', 'branch office', 'innovative technique', 'office locations', 'link formation', 'securities dealers', 'known consolidation']
4504437,precision,0,recall,0,['document repositories', 'support documents', 'similar documents', 'large document', 'similar files', 'file-chunk graph', 'bipartite graph', 'multiple files', 'related files', 'technical support']
4511305,precision,0,recall,0,['recommendation model', 'cache prefetching', 'prefetching system', 'markov models', 'new model', 'user sessions', 'prediction model', 'recommendation set', 'user behavior', 'new user']
4604920,precision,0.2,recall,1,['quotient cube', 'data cube', 'cube pre-computation', 'cube cells', 'groups cube', 'aggregate functions', 'cube due', 'history tuple', 'holistic aggregation', 'tuple values']
4609403,precision,0,recall,0,['high-entropy subsets', 'interesting subsets', 'entropy measure', 'low-entropy itemsets', 'binary data', 'real data', 'low-entropy trees', 'entropy condition', 'low-entropy sets', 'dependency structure']
4677655,precision,0,recall,0,['data values', 'data analysis', 'missing data', 'data sets', 'disguise values', 'missing values', 'real data', 'valid data', 'large data', 'domain background']
4685648,precision,0.1,recall,0.166666667,['movie search', 'prototype movie', 'imdb search', 'movie database', 'movies current', 'internet movie', 'movie url', 'current search', 'information search', 'ranking method']
4697801,precision,0.1,recall,0.25,['multi-dimensional data', 'multi-dimensional change', 'test statistic', 'statistical change', 'baseline data', 'null hypothesis', 'density test', 'data points', 'data set', 'detecting change']
4697802,precision,0.1,recall,0.25,['approximation algorithm', 'discrepancy maximization', 'streaming algorithms', 'discrepancy functions', 'discrepancy region', 'exact algorithm', 'space linear', 'maximization problem', 'efficient algorithms', 'high discrepancy']
4700797,precision,0,recall,0,['sampling algorithm', 'state-of-the-art algorithm', 'accuracy guarantees', 'expensive domains', 'effective approach', 'computationally expensive', 'distance-based outlier', 'distances computed', 'expensive aspect', 'simple sampling']
4711482,precision,0,recall,0,['idas data', 'test data', 'credit card', 'data set', 'transaction application', 'card transaction', 'data sources', 'background data', 'homeland security', 'application domains']
4713024,precision,0.1,recall,1,['testing outlier', 'outlier detection', 'clustering information', 'future outliers', 'transductive confidence', 'clustering structure', 'clustering model', 'hypothesis testing', 'statistical testing', 'individual confidence']
4721679,precision,0.1,recall,0.25,['clustering algorithms', 'clustering quality', 'clustering stream', 'cluster structure', 'data-stream clustering', 'tofind clusters', 'density-based clustering', 'clustering feasible', 'data density', 'grid density']
4738341,precision,0,recall,0,['support issues', 'customer-support issues', 'common issues', 'issue type', 'frequent issues', 'many issues', 'clustering method', 'new set', 'call center', 'technical-support call']
4738342,precision,0.3,recall,0.6,['class distribution', 'class priors', 'class imbalance', 'cost quantification', 'sweep methods', 'paper addresses', 'empirical tests', 'individual classifications', 'test set', 'measure trends']
4739043,precision,0,recall,0,['low-risk groups', 'cancer recurrence', 'prostate cancer', 'survival model', 'hazards model', 'eventual recurrence', 'survival data', 'radical prostatectomy', 'new algorithm', 'learning algorithms']
4740231,precision,0.2,recall,0.666666667,['job scheduling', 'opportunistic job', 'enterprise systems', 'virus scans', 'new systems', 'various systems', 'promising outlook', 'performance forecasting', 'performance targets', 'term performance']
4766160,precision,0,recall,0,['mcsc problem', 'set problem', 'mining problems', 'covering problem', 'mcsc instances', 'k-clustering problems', 'dual problem', 'minimum rule', 'rule set', 'ground set']
4774319,precision,0,recall,0,['par-csp partitions', 'load imbalance', 'linux cluster', 'imbalance problem', 'parallel mining', 'interprocessor communication', 'divide-and-conquer property', 'parallelization efficiencies', 'various input', 'input datasets']
4794787,precision,0,recall,0,['discovery process', 'user-centered process', 'knowledge discovery', 'entire process', 'kdd process', 'stomach cancer', 'discovery system', 'visualization tools', 'synergistic visualization', 'visualization support']
4818705,precision,0.2,recall,0.5,['discretization symbols', 'series discretization', 'discretization methods', 'symbolic time', 'time series', 'common discretization', 'unsupervised discretization', 'many discretization', 'hidden markov', 'life data']
4882089,precision,0.1,recall,0.25,['episode discovery', 'frequent episodes', 'new algorithms', 'time complexities', 'new frequency', 'spaceand time', 'occurrences-based frequency', 'frequency measure', 'frequency definition', 'efficient algorithms']
4886672,precision,0.1,recall,0.166666667,['grid systems', 'netbatch system', 'monitoring system', 'system services', 'misconfigured machines', 'entire system', 'grid jobs', 'grid monitoring', 'data mining', 'raw data']
4916705,precision,0.1,recall,0.25,['clustering algorithms', 'data clustering', 'spectral clustering', 'popular clustering', 'special clustering', 'arbitrary clustering', 'framework addresses', 'constraints data', 'state-of-the-art algorithms', 'partitional singlelink']
4978533,precision,0.1,recall,0.2,['clinical trial', 'fda approval', 'cad system', 'pulmonary nodules', 'actionable nodules', 'learning system', 'thorax studies', 'observational study', 'other findings', 'machine learning']
4980157,precision,0.1,recall,0.166666667,['dynamic syslog', 'syslog behavior', 'syslog monitoring', 'mixture components', 'syslog data', 'syslog mining', 'real syslog', 'network failure', 'failure symptoms', 'failure monitoring']
5005014,precision,0,recall,0,['drug safety', 'post-marketing drug', 'drug names', 'poisson shrinker', 'drug exposure', 'combination drugs', 'gamma poisson', 'individual drugs', 'multi-item gamma', 'reaction reports']
5014927,precision,0.1,recall,0.2,['binary-class problems', 'kernel learning', 'kernel discriminant', 'kernel trick', 'kernel methods', 'kernel matrix', 'regularized kernel', 'kernel matrices', 'pre-specified kernel', 'kernel function']
5023118,precision,0,recall,0,['true information', 'web site', 'information source', 'information providers', 'important information', 'trustworthy web', 'veracity problem', 'popular search', 'different web', 'various web']
5070260,precision,0,recall,0,['space complexities', 'time complexity', 'synopsis space', 'synopsis algorithm', 'complexity advantages', 'hierarchical synopsis', 'minimum-space synopsis', 'previous approaches', 'deterministic guarantees', 'histogram construction']
5097759,precision,0,recall,0,['canonicalization solution', 'abbreviated forms', 'different forms', 'canonical representation', 'database records', 'different edit', 'standard representation', 'distance costs', 'different styles', 'edit distance']
5133167,precision,0.1,recall,0.166666667,['controversial object', 'statistical deviation', 'evaluation data', 'reinforcement model', 'evaluation score', 'evaluation activities', 'mutual dependency', 'statistical approaches', 'real-life data', 'ground truth']
5143105,precision,0.1,recall,0.25,['low-dimensional space', 'data points', 'em framework', 'naml firstmaps', 'data mining', 'many data', 'low-dimensional manifold', 'learning algorithms', 'kernel function', 'kernel learning']
5169771,precision,0.3,recall,0.75,['motif discovery', 'time algorithms', 'series motifs', 'motifdiscovery algorithms', 'such motifs', 'new algorithm', 'mining algorithms', 'uniform scaling', 'time series', 'other motifdiscovery']
5228328,precision,0,recall,0,['receipt images', 'reimbursement expense', 'document images', 'reimbursement system', 'wide reimbursement', 'channel image', 'image space', 'image capture', 'reimbursement solution', 'reimbursement center']
5329968,precision,0.1,recall,0.25,['large datasets', 'segmented nestedness', 'species distribution', 'algorithmic problems', 'interesting properties', 'approximate versions', 'other applications', 'domains other', 'spectral partitioning', 'good partition']
5446340,precision,0.3,recall,0.5,['stream data', 'electricity data', 'concept drift', 'real-world data', 'online methods', 'asynthetic data', 'underlying concept', 'real electricity', 'online learning', 'learning approach']
6158185,precision,0.2,recall,0.666666667,['progressive confident', 'confident rules', 'end state', 'state sequences', 'pruning strategies', 'undesirable states', 'mining progressive', 'particular end', 'rules many', 'experiment result']
6259100,precision,0,recall,0,['itemset patterns', 'frequent itemsets', 'mrf model', 'random variables', 'occurrence statistics', 'probabilistic approach', 'initial mrf', 'random fields', 'probabilistic models', 'markov random']
6383098,precision,0,recall,0,['data on-board', 'data mining', 'on-board mining', 'water ice', 'use on-board', 'odyssey spacecraft', 'spacecraft capabilities', 'mining effort', 'mars odyssey', 'spacecraft-based data']
7101956,precision,0,recall,0,['cinematch recommender', 'previous approaches', 'local approaches', 'regional approaches', 'netflix cinematch', 'other approaches', 'matrix entries', 'large recommender', 'recommender system', 'rating matrix']
7176671,precision,0.1,recall,0.25,['automatically-learned subsumption', 'novel techniques', 'subsumption taxonomy', 'design variations', 'well-populated classes', 'self-supervised information', 'information extraction', 'training data', 'incomplete articles', 'insufficient training']
7833205,precision,0.1,recall,0.2,['model inference', 'inference detection', 'efficient inference', 'enron corpus', 'particular topic', 'sensitive topic', 'enron e-mail', 'second experiment', 'public enron', 'first experiment']
9050379,precision,0.1,recall,0.5,['experimental units', 'causal knowledge', 'knowledge researchers', 'quasi-experimental design', 'academic publishing', 'experimental control', 'peer-production systems', 'appropriate experimental', 'directed experimentation', 'innovations necessary']
9060690,precision,0,recall,0,['container shipping', 'real-world hospital', 'anomaly pattern', 'anomalous patterns', 'anomaly detector', 'test data', 'intrusion data', 'network intrusion', 'self-similar patterns', 'training data']
9101741,precision,0.1,recall,0.25,['positive examples', 'unlabeled examples', 'incomplete set', 'negative examples', 'biology database', 'labeled examples', 'training set', 'binary classifier', 'new methods', 'other set']
9102538,precision,0.1,recall,0.333333333,['gradient methods', 'dual method', 'exponentiated gradient', 'training set', 'efficient training', 'applications such', 'multi-class linear', 'multi-class formulations', 'number examples', 'direct multi-class']
9109385,precision,0.1,recall,0.333333333,['transaction data', 'anonymizing transaction', 'data subjects', 'detailed transaction', 'transaction databases', 'data mining', 'such data', 'satisfactory privacy', 'individual privacy', 'anonymization methods']
9111641,precision,0,recall,0,['labeled data', 'in-domain data', 'label information', 'cost function', 'objective function', 'out-of-domain intrinsic', 'classification framework', 'state-of-the-art algorithms', 'spectral classification', 'classification performance']
9125701,precision,0.3,recall,0.428571429,['academic network', 'publication venues', 'arnetminer system', 'search services', 'publication data', 'social networks', 'association search', 'modeling approach', 'expertise search', 'unified modeling']
9133885,precision,0.2,recall,0.666666667,['factorization relational', 'factorization model', 'error models', 'multiple relations', 'relational learning', 'relational schema', 'pairwise relational', 'matrix factorization', 'factorization methods', 'error distribution']
9135998,precision,0.1,recall,0.25,['succinct titles', 'appropriate title', 'good title', 'result url', 'succinct sitemaps', 'web urls', 'candidate link-titles', 'generating succinct', 'statistical framework', 'non-trivial baselines']
9142727,precision,0.2,recall,0.666666667,['social interaction', 'social influence', 'future behavior', 'social processes', 'social networks', 'current activities', 'social ties', 'everyday social', 'future interaction', 'friends due']
9151050,precision,0.2,recall,0.4,['streams closed', 'galois lattice', 'lattice theory', 'streaming data', 'closed trees', 'tree mining', 'mining algorithms', 'frequent closed', 'closed patterns', 'mining frequent']
9161791,precision,0.2,recall,0.5,['approximation algorithm', 'algorithm hyper', 'efficient algorithm', 'approximation ratio', 'overlapped hyperrectangles', 'hyperrectangle scheme', 'pruning strategy', 'transactional databases', 'research problem', 'polynomial time']
9167777,precision,0.2,recall,0.666666667,['restoration error', 'tree-regression approach', 'regression-based approaches', 'k-regression approach', 'total restoration', 'itemset patterns', 'frequent itemset', 'summarization performance', 'efficient itemset', 'pattern summarization']
9194903,precision,0.1,recall,0.25,['orkut dataset', 'large-scale dataset', 'collaborative filtering', 'hybrid training', 'user information', 'training strategy', 'information retrieval', 'model training', 'empirical study', 'gibbs sampling']
9248967,precision,0.1,recall,0.25,['two-stage algorithm', 'landmark features', 'feature selection', 'unsupervised feature', 'data analysis', 'data matrix', 'document-term data', 'analysis principal', 'subset selection', 'components analysis']
9251891,precision,0,recall,0,['privacy-preserving data', 'privacy-preserving cox', 'analysis privacy-preserving', 'data mining', 'privacy-preserving requirements', 'data sources', 'real data', 'different data', 'cancer patients', 'lung cancer']
9261711,precision,0.1,recall,0.25,['graph mining', 'graph pls', 'frequent graph', 'mining method', 'graph data', 'naive method', 'pattern mining', 'mining algorithm', 'matrix calculations', 'mining call']
9274894,precision,0,recall,0,['label-quality\\/cost regimes', 'label quality', 'certain label-quality\\/cost', 'less-than-expert labeling', 'multiple labels', 'training labels', 'repeatedly labeling', 'noisy labelers', 'low-cost labeling', 'labeling everything']
9284044,precision,0.1,recall,0.5,['model recommender', 'neighborhood models', 'netflix data', 'factor models', 'recommender systems', 'combined model', 'top-k recommendation', 'evaluation metric', 'recommendation task', 'collaborating filtering']
9309392,precision,0.1,recall,0.25,['novel approach', 'network classification', 'roc curve', 'within-network classification', 'classification tasks', 'classification performance', 'sparse networks', 'collective classification', 'labeled nodes', 'real-world problems']
9315193,precision,0,recall,0,['real graphs', 'graphs low-rank', 'colibri methods', 'dynamic graphs', 'static graphs', 'non-orthogonal basis', 'methods such', 'non-redundant basis', 'time-evolving graphs', 'significant savings']
9336615,precision,0,recall,0,['eleven multi-topic', 'multi-topic web', 'multi-topic document', 'page categorization', 'categorization tasks', 'document categorization', 'such problems', 'eigenvalue problem', 'multi-label problems', 'classification problems']
9389455,precision,0,recall,0,['page level', 'web pages', 'training pages', 'block level', 'specific content', 'sub-document level', 'relevant content', 'sensitive content', 'content detection', 'level labels']
9403280,precision,0,recall,0,['potential artists', 'breakthrough potential', 'potential time', 'success potential', 'gnutella network', 'discernible stronghold', 'sharing network', 'hometown area', 'p2p query', 'content queries']
9412373,precision,0.1,recall,0.25,['clustering problem', 'topical query', 'query decomposition', 'actual queries', 'original query', 'cover problem', 'decomposition problem', 'same problem', 'scale search', 'search engine']
9419452,precision,0,recall,0,['partially labeled', 'label learning', 'label information', 'correct label', 'possible labels', 'learning problem', 'learning framework', 'hinge loss', 'discriminative learning', 'learning approach']
9421192,precision,0.1,recall,0.25,['common template', 'different templates', 'wrapper induction', 'detect templates', 'generates wrappers', 'similar pages', 'input pages', 'common script', 'common schema', 'comparison shopping']
9463669,precision,0.2,recall,0.5,['privacy privacy', 'differential privacy', 'data privacy', 'preserving privacy', 'release anonymized', 'anonymized data', 'anonymization schemes', 'composition attacks', 'independent anonymized', 'current anonymization']
9479071,precision,0.3,recall,0.3,['compute erm', 'possible instances', 'networked data', 'next instance', 'semi-supervised learning', 'active learning', 'learning problem', 'data active', 'within-network learning', 'network analytic']
9485675,precision,0.3,recall,0.75,['domain transfer', 'classification model', 'transfer learning', 'weighted ensemble', 'multiple model', 'different domain', 'local weight', 'classification accuracy', 'weight assignments', 'neighborhood structure']
9521135,precision,0.1,recall,0.25,['clustering accuracy', 'cluster data', 'spectral clustering', 'k-means clustering', 'clustering procedures', 'high-quality clusterings', 'comparable accuracy', 'several minutes', 'several times', 'memory footprint']
9605734,precision,0.1,recall,0.25,['search advertisements', 'ad creatives', 'advertiser return', 'poor advertiser', 'bounce rates', 'high bounce', 'engine users', 'user satisfaction', 'leverage features', 'search engines']
9606991,precision,0.2,recall,0.666666667,['visualizing document', 'topic model', 'visualization space', 'visualization methods', 'topic proportions', 'conventional visualization', 'similar topics', 'semantic visualization', 'em algorithm', 'multi-dimensional scaling']
9611024,precision,0,recall,0,['ranking criteria', 'popular letor', 'individual criterion', 'individual criteria', 'single criterion', 'trec data', 'test criterion', 'data sets', 'different ranking', 'other criteria']
9617212,precision,0.1,recall,0.333333333,['pubmed collection', 'collection sizes', 'gibbs sampling', 'sampling method', 'sampling scheme', 'cpu months', 'gibbs sampler', 'corpora fastlda', 'fast sampling', 'significant speedups']
9618001,precision,0,recall,0,['site urls', 'urls malicious', 'suspicious urls', 'url classification', 'web sites', 'automated url', 'such sites', 'internet criminal', 'false positives', 'malicious web']
9621454,precision,0,recall,0,['slif system', 'elsevier grand', 'grand challenge', 'final round', 'biological figures', 'literature figures', 'ir engines', 'global captioned', 'key ir', 'realistic figure']
9624095,precision,0.1,recall,0.333333333,['query aspects', 'query reformulations', 'broad query', 'such queries', 'latent query', 'single-keyword reformulations', 'latent aspects', 'search session', 'session logs', 'search engine']
9632155,precision,0,recall,0,['petabyte data', 'bbm out-performs', 'log data', 'petabyte-scale data', 'model effectiveness', 'modeling technique', 'browsing model', 'mapreduce cluster', 'new modeling', 'commercial mapreduce']
9640142,precision,0,recall,0,['default heuristic', 'fraud schemes', 'lift factor', 'snare applicable', 'domain knowledge', 'general ledger', 'fraud detection', 'link knowledge', 'ledger data', 'graph labeling']
9647883,precision,0.2,recall,0.666666667,['subspace clustering', 'feature-based subspace', 'subspace locality', 'object-level search', 'hybrid subspace', 'result clustering', 'clustering algorithm', 'product search', 'search result', 'search query']
9662316,precision,0.2,recall,0.4,['network connectivity', 'same network', 'network format', 'network information', 'media data', 'relational learning', 'blog site', 'social media', 'discriminative learning', 'diverse affiliations']
9663908,precision,0,recall,0,['lipschitz gradient', 'step size', 'optimal convergence', 'lassplore algorithm', 'constant step', 'optimization iterations', 'convex optimization', 'large-scale problems', 'optimal first-order', 'classification method']
9678724,precision,0.1,recall,0.166666667,['kalman filters', 'switching kalman', 'parallel algorithms', 'learning algorithm', 'commercial desktop', 'linear structures', 'parallel learning', 'quad-core commercial', 'linear speedups', 'markov models']
9683909,precision,0.1,recall,0.25,['frequent pattern', 'support patterns', 'discriminative patterns', 'pattern algorithm', 'pattern mining', 'unique patterns', 'frequent itemset', 'tree frequent', 'state-of-the-art frequent', 'essential frequent']
9690351,precision,0.1,recall,0.25,['social networks', 'networks various', 'knowledge-sharing osns', 'sharing network', 'such osns', 'user activity', 'core users', 'user content', 'user contributions', 'exponential distribution']
9692779,precision,0.1,recall,0.25,['entity catalog', 'wikipedia entities', 'pre-clustering entities', 'entity assignment', 'real-world entities', 'overall entity', 'disambiguation approach', 'local compatibility', 'local hill-climbing', 'local spot-to-entity']
9696778,precision,0,recall,0,['email message', 'received messages', 'personal messages', 'test message', 'personalized email', 'email overload', 'receiver ids', 'email network', 'prioritization email', 'social features']
9701993,precision,0,recall,0,['visual layout', 'visual knowledge', 'visual templates', 'visualization paradigms', 'standard visual', 'visual front-end', 'common visualization', 'visual-analytic toolkit', 'visual-analytic tool', 'interaction network']
9727373,precision,0,recall,0,['straight-forward approaches', 'databases probabilistic', 'minsup transactions', 'probabilistic frequent', 'transaction databases', 'probabilistic formulations', 'first approach', 'probabilistic context', 'uncertain transaction', 'new probabilistic']
9729483,precision,0.1,recall,0.5,['heterogeneous networks', 'information networks', 'network schema', 'informative clusters', 'star network', 'homogeneous networks', 'real-world network', 'cluster membership', 'clustering results', 'ranking-based clustering']
9757313,precision,0.2,recall,0.5,['social networks', 'compressing social', 'networks such', 'large network', 'efficient compressibility', 'web graph', 'link reciprocity', 'different compressibility', 'compressibility characteristics', 'structural properties']
9759716,precision,0.1,recall,0.25,['user behavior', 'post-result behavior', 'search engines', 'post-result user', 'browser toolbar', 'search results', 'user feedback', 'user activity', 'study user', 'browsing behavior']
9942032,precision,0.2,recall,0.5,['heuristic algorithms', 'influence spread', 'influence cascade', 'influence maximization', 'greedy algorithm', 'matching influence', 'networks influence', 'influence thread', 'discount heuristics', 'centrality-based heuristics']
9942600,precision,0,recall,0,['corpora such', 'entities such', 'text corpora', 'large corpora', 'topic model', 'real-world corpora', 'interesting entities', 'text network', 'probabilistic topic', 'approximate inference']
9942601,precision,0.2,recall,0.5,['social influence', 'social correlation', 'statistical correlation', 'social network', 'user actions', 'theoretical justification', 'simple tests', 'social systems', 'significant social', 'general model']
9944671,precision,0.1,recall,0.2,['brand audiences', 'brand advertising', 'on-line brand', 'social network', 'brand affinity', 'networking pages', 'brand proximity', 'quasi-social network', 'high brand', 'privacy-friendly social']
9953918,precision,0.1,recall,0.25,['data parallelism', 'parallel algorithm', 'large-scale learning', 'large-scale behavioral', 'caching scheme', 'learning algorithm', 'behavioral data', 'in-memory caching', 'user behavior', 'large-scale machine']
9962233,precision,0.1,recall,0.333333333,['coverage algorithm', 'personalization algorithms', 'personalized coverage', 'no-regret algorithm', 'google blog', 'blog aggregation', 'simple coverage', 'coverage function', 'popular blog', 'user preferences']
9965882,precision,0,recall,0,['page-hinkley test', 'hypothesis testing', 'mcnemar test', 'holdout estimates', 'error estimated', 'performance assessment', 'change detection', 'reliable estimators', 'pessimistic estimator', 'prequential error']
9972873,precision,0.1,recall,0.5,['shapelet primitives', 'series primitive', 'series shapelet', 'time series', 'neighbor algorithm', 'new primitive', 'new time', 'series subsequences', 'series problems', 'classification accuracy']
9997445,precision,0.1,recall,0.5,['formation problem', 'dblp dataset', 'combinatorial problems', 'team formation', 'different skills', 'social network', 'skill requirements', 'different communication-cost', 'communication cost', 'communication-cost functions']
,,0.100492126,,0.256777278,,,,,,,,,,
,,,0.144451746,,,,,,,,,,,
