4983102,precision,0.0,recall,0.0,['web robots', 'robots rules', 'ethical robots', 'robot activities', 'focused crawler']
11485543,precision,0.2,recall,0.3333333333333333,['web search', 'search task', 'semantic search', 'search problems', 'search engines']
7461370,precision,0.0,recall,0.0,['download rate', 'web crawler', 'web graph', 'single-server implementation', 'billion pages']
10272014,precision,0.2,recall,0.16666666666666666,['web forums', 'forum pages', 'various forums', 'forum sites', 'web applications']
9331037,precision,0.0,recall,0.0,['identity discovery', 'keywords-retrieval component', 'hybrid phish', 'retrieval phishing', 'phish detection']
1225527,precision,0.0,recall,0.0,['xml data', 'xml representation', 'zips xml', 'xml document', 'xml search']
10950133,precision,0.2,recall,0.16666666666666666,['cross-site scripting', 'scripting flaws', 'filters cross-site', 'client-side filters', 'filter design']
9934456,precision,0.0,recall,0.0,['xml schema', 'xml documents', 'various xml', 'xml type', 'schema designers']
4590503,precision,0.0,recall,0.0,['web forms', 'form features', 'partitioningthe space', 'web data', 'online databases']
4484921,precision,0.0,recall,0.0,['tagging systems', 'collaborative tagging', 'particular tags', 'tagging history', 'many tags']
11570239,precision,0.4,recall,0.3333333333333333,['linked data', 'broken link', 'link problem', 'structured linked', 'such links']
9614136,precision,0.0,recall,0.0,['image search', 'product image', 'other images', 'rank images', 'google image']
583335,precision,0.6,recall,0.75,['document summarization', 'fractal summarization', 'handheld devices', 'summarization model', 'interactive summarization']
7728513,precision,0.0,recall,0.0,['language models', 'probabilistic models', 'background models', 'generative model', 'topical information']
680590,precision,0.0,recall,0.0,['conversation summarization', 'summarizing email', 'email conversation', 'clue words', 'fragment quotation']
11708130,precision,0.0,recall,0.0,['folksonomy algorithm', 'different folksonomy', 'evaluating folksonomies', 'state-of-the-art folksonomy', 'so-called folksonomies']
3894952,precision,0.0,recall,0.0,['spam double-funnel', 'spam pages', 'redirection spam', 'spam doorway', 'spam links']
11394824,precision,0.0,recall,0.0,['email features', 'email social', 'advanced email', 'email response', 'email communication']
21587,precision,0.0,recall,0.0,['rdf graph', 'readable rdf\\/xml', 'rdf\\/xml document', 'unparsing rdf\\/xml', 'grammar rule']
690695,precision,0.0,recall,0.0,['web pages', 'search repository', 'engine repository', 'search engines', 'schedule web']
10389546,precision,0.0,recall,0.0,['database caching', 'caching toolkit', 'template caching', 'data storage', 'database storage']
589031,precision,0.0,recall,0.0,['mapping language', 'mapping descriptions', 'such mapping', 'r2o mapping', 'odemapster processor']
1495443,precision,0.0,recall,0.0,['xml schema', 'electronic negotiations', 'communication design']
10582584,precision,0.0,recall,0.0,['disputed claims', 'dispute finder', 'known disputed', 'claim database', 'web sites']
3611227,precision,0.2,recall,0.3333333333333333,['lsh forest', 'self-tuning indexes', 'similarity indexes', 'indexing scheme', 'indexing high-dimensional']
677475,precision,0.4,recall,0.3333333333333333,['matching approaches', 'documents approach', 'ontology matching', 'linguistic matching', 'virtual documents']
10178588,precision,0.0,recall,0.0,['domain examples', 'out-domain examples', 'space domain', 'domain transfer', 'related domains']
704848,precision,0.0,recall,0.0,['ebag infrastructure', 'web infrastructure', 'school materials', 'school kids', 'interactive school']
334718,precision,0.2,recall,0.16666666666666666,['soft pattern', 'matching patterns', 'pattern generation', 'text patterns', 'generating definitions']
10460577,precision,0.0,recall,0.0,['related information', 'visit duration', 'temporal information', 'mining information', 'tourist photos']
10023569,precision,0.2,recall,0.5,['multi-service application', 'web applications', 'front-end service', 'multiple services', 'other services']
13059029,precision,0.2,recall,0.16666666666666666,['topic evolution', 'discovered topics', 'evolutionary change', 'acm corpus', 'topological restriction']
696215,precision,0.0,recall,0.0,['multimedia web', 'multimedia pagerank', 'multimedia objects', 'web objects', 'web pages']
825446,precision,0.2,recall,0.1111111111111111,['smooth continuum', 'web applications', 'semantic web', 'rich access', 'information grid']
3766621,precision,0.2,recall,0.2,['query similarity', 'search queries', 'semantic similarity', 'time-dependent query', 'query semantic']
13064160,precision,0.4,recall,0.4,['web scale', 'state-of-the-art word', 'word synchronous', 'word breaking', 'web contents']
13061804,precision,0.2,recall,0.25,['transformation model', 'generative model', 'search algorithm', 'input queries', 'search space']
310161,precision,0.4,recall,0.6666666666666666,['web service', 'services composition', 'new services', 'service creation', 'prototype service']
10844303,precision,0.2,recall,0.5,['query refinements', 'clusters refinements', 'user query', 'clustering query', 'user search']
9940239,precision,0.0,recall,0.0,['learning algorithm', 'new algorithm', 'bandit algorithm', 'article recommendation', 'news article']
3598588,precision,0.0,recall,0.0,['internet search', 'evaluation purposes', 'search engine', 'engine developments', 'such purposes']
4644622,precision,0.2,recall,0.07142857142857142,['internet adoption', 'technology usage', 'usage patterns', 'public access', 'phone usage']
62825,precision,0.2,recall,0.3333333333333333,['pages change', 'web pages', 'continuous queries', 'dynamic changes', 'change tracking']
54303,precision,0.2,recall,0.25,['activity models', 'human activity', 'day-to-day activity', 'activity recognition', 'labeled activities']
9629719,precision,0.0,recall,0.0,['matching queries', 'rare queries', 'query representation', 'popular queries', 'query time']
4530378,precision,0.2,recall,0.3333333333333333,['map interface', 'web content', 'web search', 'location-specific web', 'search systems']
494956,precision,0.0,recall,0.0,['news articles', 'ranks news', 'news sources', 'academic news', 'news story']
13064730,precision,0.0,recall,0.0,['synchronizability choreography', 'choreography conformance', 'synchronizable services', 'choreography analysis', 'choreography specification']
10464296,precision,0.0,recall,0.0,['wiki wikis', 'wiki system', 'wiki architecture', 'centralized wiki', 'make wiki']
280273,precision,0,recall,0.0,[]
1168781,precision,0.4,recall,0.2857142857142857,['mobile applications', 'mobile software', 'mobile phone', 'mobile computing', 'software platforms']
3884003,precision,0.6,recall,0.6,['data aggregator', 'aggregation queries', 'aggregation function', 'dynamic data', 'continuous aggregation']
10524156,precision,0.6,recall,0.6,['mashup navigation', 'navigation system', 'data api', 'api network', 'semantic-based mashup']
11034828,precision,0.2,recall,0.25,['tag recurrence', 'social tagging', 'tag suggestion', 'recurrence dynamics', 'suggestion techniques']
9900214,precision,0.0,recall,0.0,['exploration searches', 'web search', 'web exploration', 'personalized search', 'task-based exploration']
10795381,precision,0.0,recall,0.0,['faceted interfaces', 'interface discovery', 'ranking interfaces', 'wikipedia articles', 'articles resulting']
1194809,precision,0.0,recall,0.0,['user study', 'navigation session', 'user evaluation', 'specific user', 'common navigation']
611826,precision,0.0,recall,0.0,['fragment caching', 'client-side proxies', 'edge caching\\/offloading', 'such content', 'edge resources']
13778833,precision,0.0,recall,0.0,['classification accuracy', 'crawl accuracy', 'crawl scalability', 'several metrics', 'web pages']
10599039,precision,0.0,recall,0.0,['privacy settings', 'privacy management', 'privacy preferences', 'collective privacy', 'privacy policies']
4499757,precision,0.0,recall,0.0,['learning methods', 'machine learning', 'rank value', 'new method', 'different graphs']
506497,precision,0.2,recall,0.14285714285714285,['network analysis', 'social network', 'semantic community', 'semantic topic', 'generative models']
3606160,precision,0.0,recall,0.0,['data sources', 'web data', 'data items', 'dynamic data', 'data aggregators']
11227602,precision,0.2,recall,0.2,['relationship strengths', 'modeling relationship', 'heterogeneous relationship', 'relationship information', 'social networks']
399111,precision,0.4,recall,0.18181818181818182,['social networks', 'co-authorship network', 'dblp bibliography', 'web applications', 'semantic associations']
4411833,precision,0.0,recall,0.0,['web pages', 'content-full page', 'same page', 'clustering approach', 'genre-based clustering']
13505677,precision,0.0,recall,0.0,['feature learning', 'reinforcement learning', 'content-based similarities', 'node similarity', 'information networks']
9324907,precision,0.0,recall,0.0,['results quicklinks', 'quicklink selection', 'user browsing', 'chosen quicklinks', 'search engines']
300908,precision,0.6666666666666666,recall,0.2,['constraint extension', 'scalable vector', 'vector graphics']
13530223,precision,0.0,recall,0.0,['further evaluation', 'evaluation techniques', 'influential web', 'web social', 'web logs']
4620314,precision,0.2,recall,0.25,['web images', 'image classification', 'automatic image', 'image categories', 'automatic web']
9919962,precision,0.0,recall,0.0,['social networks', 'online social', 'signed links', 'negative links', 'high accuracy']
3781026,precision,0.0,recall,0.0,['search queries', 'such queries', 'web search', 'continuous search', 'search systems']
70733,precision,0.0,recall,0.0,['map adaptation', 'mobile systems']
5208196,precision,0.0,recall,0.0,['user profiles', 'search results', 'higher-level user', 'search quality', 'privacy requirements']
1021018,precision,0.2,recall,0.5,['search interactions', 'users search', 'search behaviors', 'interaction behavior', 'web search']
13061707,precision,0.0,recall,0.0,['twitter postings', 'microblog postings', 'microblogging service', 'information credibility', 'popular microblogging']
4339859,precision,0.0,recall,0.0,['overlay network', 'p2p overlay', 'autonomous agents', 'cf approach', 'centralized cf']
4606619,precision,0.0,recall,0.0,['basic ranking', 'ranking methods', 'ranking schemes', 'ranking techniques', 'learning-based ranking']
9899579,precision,0.0,recall,0.0,['insecure javascript', 'web javascript', 'javascript practices', 'javascript code', 'javascript dynamic']
254899,precision,0.2,recall,0.125,['application vulnerabilities', 'web applications', 'application security', 'application code', 'unknown vulnerabilities']
69736,precision,0.2,recall,0.16666666666666666,['ontology glue', 'ontology mapping', 'web ontologies', 'other ontology', 'different ontologies']
9096332,precision,0.0,recall,0.0,['efficient algorithms', 'efficient similarity', 'previous algorithms', 'computing similarity', 'similarity values']
9228586,precision,0.2,recall,0.2,['learning problem', 'learning technology', 'relational objects', 'learning task', 'new learning']
13061595,precision,0.0,recall,0.0,['search logs', 'search query', 'web search', 'logs query', 'search engine']
4478865,precision,0.4,recall,0.3333333333333333,['comparative web', 'web users', 'web search', 'web pages', 'comparative pages']
650974,precision,0.0,recall,0.0,['such content', 'extraneous content', 'sites users', 'content delivery', 'content owners']
10525233,precision,0.0,recall,0.0,['web applications', 'web authentication', 'authentication protocol', 'recent web', 'many recent']
341457,precision,0.4,recall,0.3333333333333333,['web service', 'service interface', 'propositional constraints', 'temporal constraints', 'signature constraints']
4335483,precision,0.0,recall,0.0,['xml schemas', 'schema documentation', 'standard xml', 'schema information', 'composite schemas']
886716,precision,0.4,recall,0.4,['high query', 'query processing', 'query throughput', 'web search', 'web data']
1084549,precision,0.0,recall,0.0,['stream video', 'stream playback', 'continuous stream', 'patching techniques', 'peer-to-peer patching']
10814222,precision,0.2,recall,0.5,['social networks', 'networks anonymization', 'network data', 'network instances', 'dynamic network']
54487,precision,0.0,recall,0.0,['ontologies modeling', 'well-known ontologies', 'ontology changes', 'many ontologies', 'new ontologies']
9098176,precision,0.0,recall,0.0,['search efficiency', 'proximity search', 'high search', 'xml documents', 'keyword proximity']
1029161,precision,0.0,recall,0.0,['attribute names', 'hattribute name', 'partial correspondences', 'real datasets', 'automatic data']
4221270,precision,0.0,recall,0.0,['advertising keywords', 'web pages', 'example pages', 'potential keyword', 'unseen pages']
6746528,precision,0.0,recall,0.0,['forum categories', 'answer characteristics', 'related categories', 'user attributes', 'sharing forums']
598819,precision,0.0,recall,0.0,['popular web', 'popular hot', 'popular traversals', 'site graph', 'large access']
259993,precision,0.4,recall,0.3333333333333333,['web content', 'dynamic web', 'content dynamic', 'dynamic coordination', 'web resources']
9947418,precision,0.4,recall,0.5,['web applications', 'privilege separation', 'webmail application', 'application components', 'web framework']
3951262,precision,0.2,recall,0.25,['web search', 'search results', 'information richness', 'top search', 'ranking scheme']
9605532,precision,0.4,recall,0.4,['opinion integration', 'user opinions', 'opinion summaries', 'semi-supervised topic', 'topic modeling']
9415986,precision,0.2,recall,0.14285714285714285,['review helpful', 'amazon.com helpfulness', 'following review', 'book reviews', 'helpfulness votes']
9392629,precision,0.0,recall,0.0,['web studies', 'web activity', 'activity categories', 'personal information', 'user studies']
1833006,precision,0.0,recall,0.0,['application server', 'server configuration', 'configuration parameters', 'web application', 'optimal configuration']
4281337,precision,0.2,recall,0.16666666666666666,['learning algorithm', 'learning large-scale', 'active learning', 'learning techniques', 'text documents']
4382315,precision,0.0,recall,0.0,['scalability problem', 'personalized search', 'focused crawler', 'search engines', 'promising way']
11639816,precision,0.2,recall,0.1111111111111111,['session model', 'taste model', 'other models', 'lda model', 'graphical model']
375779,precision,0.0,recall,0.0,['rank definition', 'svm models', 'definition search', 'definitional excerpts', 'good definitions']
11638887,precision,0.2,recall,0.25,['results result', 'result diversity', 'search results', 'result diversification', 'web search']
4400590,precision,0.0,recall,0.0,['colorblind users', 'efficient edge-services']
9638439,precision,0.0,recall,0.0,['online advertising', 'ad matching', 'ad clickability', 'search engines', 'commercial search']
4358470,precision,0.2,recall,0.25,['p2p databases', 'xml p2p', 'query algebra', 'data dissemination', 'modeling data']
4295146,precision,0.4,recall,0.3333333333333333,['xml applications', 'xml processing', 'xml data', 'behavior xml', 'server-side xml']
178204,precision,0.2,recall,0.2,['edge server', 'edge service', 'server system', 'service system', 'services architecture']
4311242,precision,0.0,recall,0.0,['proximity measures', 'above measures', 'web-specific application', 'directed graph', 'web pages']
10071923,precision,0.0,recall,0.0,['global optimization', 'global constraints', 'optimal decomposition', 'local constraints', 'qos constraints']
37588,precision,0.0,recall,0.0,['full-text index']
13064442,precision,0.0,recall,0.0,['authoritative web', 'web resource', 'versioned authoritative', 'syntactic complexity', 'model parameters']
91574,precision,0.2,recall,0.125,['web pages', 'web structure', 'document text', 'target document', 'descriptive power']
11782911,precision,0.0,recall,0.0,['twitter users', 'twitter idioms', 'hashtags spread', 'information spread', 'widely-adopted hashtags']
3713227,precision,0.0,recall,0.0,['information retrieval', 'retrieval paradigm', 'navigation-aided retrieval', 'retrieval model', 'conventional retrieval']
9450256,precision,0.2,recall,0.25,['control-flow analysis', 'static analysis', 'code generation', 'javascript programs', 'dynamic code']
5935869,precision,0.2,recall,0.25,['topic modeling', 'network regularization', 'topical communities', 'network structure', 'statistical topic']
11052867,precision,0.2,recall,0.3333333333333333,['data sources', 'structured data', 'linked data', 'web data', 'data summaries']
3763098,precision,0.2,recall,0.2,['available web', 'web service', 'service infrastructure', 'coordination service', 'coordination web']
3604050,precision,0.2,recall,0.25,['data streams', 'stream windows', 'landmark stream', 'comprehensive set', 'fraud detection']
1244480,precision,0.0,recall,0.0,['efficient representation', 'internet applications', 'programming models']
4610235,precision,0.0,recall,0.0,['web pages', 'website topic', 'real websites', 'edge weights', 'link classification']
72036,precision,0.0,recall,0.0,['learning system', 'wrapper-learning system', 'html documents', 'management system', 'wrapper learning']
14316716,precision,0.0,recall,0.0,['attention rewards', 'rewards such', 'monetary rewards', 'total reward', 'high quality']
204586,precision,0.2,recall,0.07142857142857142,['redundant transfers', 'redundant data', 'caching techniques', 'web caching', 'index data']
554346,precision,0.2,recall,0.14285714285714285,['static ranking', 'static features', 'ranking machine', 'ranking pairwise', 'web pages']
13060588,precision,0.2,recall,0.25,['trustworthy sources', 'sourcerank selects', 'source selection', 'web sources', 'online databases']
10565631,precision,0.0,recall,0.0,['data distribution', 'web data', 'data skew', 'input data', 'data items']
9589313,precision,0.0,recall,0.0,['automated attacks', 'theft attacks', 'cloning attack', 'first attack', 'potential attacker']
4266814,precision,0.0,recall,0.0,['interest-based model', 'similar shortcut-based', 'shortcut-based search', 'experimental results', 'network traffic']
634472,precision,0.0,recall,0.0,['fa semantics', 'owl fa', 'contextual semantics', 'hilog semantics', 'owl dl']
4358143,precision,0.0,recall,0.0,['graphs pagerank', 'pagerank scores', 'normalized pagerank', 'standard pagerank', 'pagerank measure']
4343151,precision,0.2,recall,0.3333333333333333,['page versions', 'past pages', 'past web', 'consecutive page', 'multiple past']
13534577,precision,0.4,recall,0.5,['blog mining', 'crosslanguage blog', 'blog post', 'trend visualisation', 'trend analysis']
6713423,precision,0.0,recall,0.0,['semantic web', 'recent interests', 'web ontology', 'experimental evaluation', 'graphs recent']
10901561,precision,0.2,recall,0.25,['user application', 'web indexing', 'semantic web', 'responsive user', 'user interaction']
4614551,precision,0.0,recall,0.0,['cluster web', 'documents web', 'web directories', 'vector model', 'k-means algorithm']
1008874,precision,0.0,recall,0.0,['network topology', 'network application', 'world network', 'random network', 'response interactions']
5664663,precision,0.0,recall,0.0,['search queries', 'queries local', 'distinctive queries', 'engine queries', 'query logs']
4469495,precision,0.0,recall,0.0,['infringement texts', 'infringement web', 'copyright infringement', 'web pages', 'result web']
43917,precision,0.0,recall,0.0,['edutella network', 'edutella query', 'edutella peers', 'project edutella', 'edutella common']
13062121,precision,0.2,recall,0.16666666666666666,['object uri', 'coreferent uris', 'multiple uris', 'object coreference', 'semantically coreferent']
983936,precision,0.2,recall,0.1111111111111111,['new ads', 'right ads', 'engine advertising', 'advertising system', 'click-through rate']
1708355,precision,0.0,recall,0.0,['channel representation', 'portable channel', 'service surrogates', 'full service']
3917596,precision,0.0,recall,0.0,['different urls', 'url requests', 'page contents', 'similar content', 'web pages']
7827690,precision,0.0,recall,0.0,['user-video graph', 'view graph', 'simple method', 'novel method', 'video suggestions']
597001,precision,0.4,recall,0.4,['communication model', 'parametric model', 'accurate model', 'service composition', 'synchronous communications']
11204787,precision,0.2,recall,0.25,['web archiving', 'archive coherence', 'such archives', 'web site', 'coherent sections']
13060664,precision,0.2,recall,0.16666666666666666,['word relatedness', 'word semantics', 'semantic relatedness', 'relatedness model', 'words such']
13061601,precision,0.4,recall,0.5,['multimedia content', 'content delivery', 'content relevant', 'geographic social', 'social networks']
13062852,precision,0.0,recall,0.0,['event descriptions', 'known entities', 'audience reaction', 'nlp techniques', 'main actors']
488626,precision,0.0,recall,0.0,['query substitutions', 'original queries', 'search query', 'new query', 'queries related']
593939,precision,0.0,recall,0.0,['result page', 'html tag', 'search result', 'html source', 'tag structures']
12102,precision,0.4,recall,0.4,['web service', 'service annotation', 'services technologies', 'web technologies', 'semantic web']
534480,precision,0.0,recall,0.0,['tagging systems', 'clustering tags', 'current tagging', 'blog entries', 'clustering algorithms']
16381,precision,0.2,recall,0.16666666666666666,['semantic annotation', 'semantic web', 'semantic tags', 'automated semantic', 'scale semantic']
10267504,precision,0.0,recall,0.0,['learning consensus', 'user preferences', 'consensus ranking', 'collaborative game', 'learning systems']
4265928,precision,0.4,recall,0.5,['corpus size', 'search engines', 'efficient search', 'index freshness', 'engine measurements']
9933391,precision,0.2,recall,0.2,['web search', 'processing web', 'data sizes', 'web pages', 'search engines']
62822,precision,0.2,recall,0.14285714285714285,['pages change', 'web pages', 'corresponding pages', 'html pages', 'page length']
13060390,precision,0.2,recall,0.3333333333333333,['modeling topics', 'geographical topic', 'geographical locations', 'modeling geographical', 'topic analysis']
864474,precision,0.0,recall,0.0,['storage devices', 'webpod virtualization', 'internet-enabled device', 'webpod prototype', 'linux webpod']
9357379,precision,0.0,recall,0.0,['podcast preference', 'podcast analysis', 'podcast context', 'podcast content', 'winning podcasts']
599990,precision,0.2,recall,0.25,['range queries', 'equality queries', 'index structure', 'p2p index', 'peer-to-peer index']
9678834,precision,0.0,recall,0.0,['weight values', 'assigned weights', 'recommendation system', 'feature weighting', 'based recommendations']
380379,precision,0.0,recall,0.0,['product features', 'product manufacturers', 'such opinions', 'various product', 'consumer opinions']
6330602,precision,0.0,recall,0.0,['image search', 'representative image', 'location-driven features', 'representative views', 'search results']
377638,precision,0.2,recall,0.09090909090909091,['web pages', 'non-visual web', 'web access', 'web browsing', 'web-browser web']
68146,precision,0.2,recall,0.1,['web service', 'bpel web', 'message content', 'xml messages', 'composite web']
4326312,precision,0.0,recall,0.0,['web traversal', 'web documents', 'web data', 'web log', 'web pages']
13023730,precision,0.0,recall,0.0,['user privacy', 'bayes-optimal privacy', 'privacy constraint', 'privacy notion', 'clusters user']
96472,precision,0.0,recall,0.0,['internet supporting', 'collaboration tool', 'collaborative educational', 'collaboration applications', 'supporting audience']
681261,precision,0.0,recall,0.0,['anywhere√∂ access', 'network environments', 'web content', 'variable environment', 'performance characteristics']
13061989,precision,0.0,recall,0.0,['model relatedness', 'unified relatedness', 'relatedness function', 'experimental results', 'web services']
9452474,precision,0.2,recall,0.2,['multilingual topics', 'topic modeling', 'universal topics', 'multilingual web', 'multilingual knowledge']
13190545,precision,0.2,recall,0.25,['temporal structure', 'news clustering', 'hybrid clustering', 'news news', 'topic model']
4503664,precision,0.0,recall,0.0,['semantic web', 'web service', 'sws technologies', 'sws environment', 'wsmx sws']
91646,precision,0.0,recall,0.0,['match categorization', 'subsumption algorithm', 'principled matchmaking', 'matchmaking facilitator', 'system rankings']
4762660,precision,0.0,recall,0.0,['client feedback', 'providersand clients', 'feedback service-level', 'quality ratings', 'service providersand']
66974,precision,0.4,recall,0.4,['method externally', 'web server', 'performs overload', 'response times', 'request scheduling']
9413558,precision,0.0,recall,0.0,['query logs', 'search results', 'real query', 'large query', 'search engines']
812974,precision,0.0,recall,0.0,['topical trustrank', 'spam web', 'spam sites', 'ranking algorithms', 'recent algorithm']
882702,precision,0.0,recall,0.0,['policies web', 'several browsers', 'script code', 'embedded policies', 'injected script']
13395437,precision,0.4,recall,0.4,['homophily effects', 'influence effects', 'social influence', 'social networks', 'effects relational']
769309,precision,0.0,recall,0.0,['quality model', 'quality aspects', 'end-to-end quality', 'actual quality', 'modeling aspects']
259989,precision,0.0,recall,0.0,['mixed-initiative dialog', 'such dialogs', 'personalized dialogs', 'interaction interfaces', 'multimodal interfaces']
555734,precision,0.0,recall,0.0,['unsatisfiable concepts', 'owl ontologies', 'hypertextual ontology', 'large number', 'logic reasoner']
11134938,precision,0.0,recall,0.0,['folksonomy construction', 'automatic folksonomy', 'user-specified relations', 'web directory', 'directory project']
963138,precision,0.2,recall,0.16666666666666666,['learning content', 'learning object', 'ontology-based learning', 'object content', 'content repurposing']
10581378,precision,0.0,recall,0.0,['network community', 'network cluster', 'information networks', 'community quality', 'community detection']
39868,precision,0.0,recall,0.0,['adaptive customizer', 'customizer applications', 'dynamic customization', 'stream customizers', 'content-based customization']
4284212,precision,0.0,recall,0.0,['matching agreements', 'ws-agreement partner', 'semantic ws-agreement', 'matching providers', 'personalized matches']
9748009,precision,0.2,recall,0.2,['recommending questions', 'queried question', 'other questions', 'real questions', 'cut model']
10514579,precision,0.4,recall,0.4,['language models', 'model statistics', 'learning model', 'statistical language', 'wikipedia vandalism']
11798933,precision,0.0,recall,0.0,['style rule', 'css style', 'rule updates', 'breakpoints breakpoints', 'domain-specific breakpoints']
9598425,precision,0.0,recall,0.0,['analysis system', 'news monitoring', 'statistical analysis', 'machine learning', 'wide web']
500235,precision,0.0,recall,0.0,['maximal fragments', 'fragments detected', 'flag fragments', 'manual fragmentation', 'web pages']
9466892,precision,0.0,recall,0.0,['web residents', 'computing devices', 'various levels', 'small devices', 'system vertical']
7819090,precision,0.4,recall,0.2222222222222222,['tags photos', 'users tags', 'tag recommendation', 'flickr tag', 'tag characterisation']
10074391,precision,0.2,recall,0.25,['active learning', 'learning problem', 'supervised learning', 'relevant terms', 'advertising keyword']
14005258,precision,0.0,recall,0.0,['human search', 'goal-directed human', 'human wayfinding', 'human web-browsing', 'target concept']
10924972,precision,0.2,recall,0.3333333333333333,['personalized ranking', 'recommendation recommender', 'recommender systems', 'personalized transition', 'matrix factorization']
3922783,precision,0.0,recall,0.0,['information retrieval', 'p2p network', 'current p2p', 'problem modeling', 'propagation model']
10461284,precision,0.0,recall,0.0,['different search', 'different ranks', 'rank information', 'web search', 'search algorithms']
1217973,precision,0.5,recall,0.1111111111111111,['interactive video', 'web-based personalization']
431669,precision,0.0,recall,0.0,['web site', 'web server', 'large web', 'site performance', 'large server']
13060679,precision,0.0,recall,0.0,['user search', 'search intent', 'intent hypothesis', 'examination hypothesis', 'search results']
4284207,precision,0.5,recall,0.3333333333333333,['web services', 'automatic matchmaking']
11788753,precision,0.2,recall,0.2,['network applications', 'network bucket', 'social network', 'network structure', 'statistical proxy']
527600,precision,0.0,recall,0.0,['web structure', 'uk site', 'office sites', 'e-government websites', 'government audit']
5643999,precision,0.2,recall,1.0,['search engine', 'engine switches', 'different engine', 'search experience', 'web search']
10048650,precision,0.2,recall,0.2,['trust management', 'reputation-based trust', 'trust evaluations', 'management service', 'cache trust']
9063415,precision,0.2,recall,0.2,['test case', 'regression test', 'order test', 'applications regression', 'testing research']
9172289,precision,0.0,recall,0.0,['cost-per-action mechanisms', 'online advertising', 'sampling-based learning', 'compatible mechanisms', 'learning algorithm']
13059932,precision,0.2,recall,0.14285714285714285,['commerce search', 'search engines', 'web pages', 'page context', 'extraction problem']
293077,precision,0.2,recall,0.16666666666666666,['user profile', 'user interests', 'specific user', 'different users', 'museum collections']
1142421,precision,0.0,recall,0.0,['semantic annotations', 'web news', 'annotation model', 'web-assisted annotation', 'inaccurate annotation']
13059042,precision,0.2,recall,0.25,['ranking models', 'entity ranking', 'preference models', 'entity relationship', 'related entities']
11858468,precision,0.2,recall,0.25,['short urls', 'twitter messages', 'networking services', 'services such', 'large-scale crawl']
4419686,precision,0.2,recall,0.125,['user interfaces', 'ui development', 'ui integration', 'application integration', 'presentation components']
95405,precision,0.2,recall,0.16666666666666666,['web browser', 'web content', 'point-and-click access', 'semantic web', 'point-and-click interfaces']
279164,precision,0.3333333333333333,recall,0.2,['internet usability', 'mobile internet', 'improving mobile']
66979,precision,0.4,recall,0.25,['server response', 'predictable server', 'response time', 'control scheme', 'admission control']
7176668,precision,0.0,recall,0.0,['wikipedia infobox', 'infobox ontology', 'infobox-class ontology', 'cleanly-structured ontology', 'learning systems']
4422416,precision,0.2,recall,0.16666666666666666,['assessment readability', 'site readability', 'readability level', 'web site', 'bilingual web']
380453,precision,0.0,recall,0.0,['xml performance', 'xml parsers', 'xml screamer', 'xml parsing', 'high performance']
4185403,precision,0.2,recall,0.3333333333333333,['web search', 'similarity calculation', 'similarity measurement', 'search applications', 'similarity spreading']
3603843,precision,0.0,recall,0.0,['databases dblp', 'citeseer database', 'intuitive explanation', 'database entries', 'citation databases']
4381793,precision,0.2,recall,0.25,['news events', 'news affairs', 'content similarity', 'evolution graphs', 'event evolution']
9337434,precision,0.0,recall,0.0,['tag similarity', 'social tagging', 'similarity measures', 'several tag', 'user-created tag']
275063,precision,0.0,recall,0.0,['pagerank algorithm', 'carlo algorithm', 'programming algorithm', 'personalized pagerank', 'unrestricted personalization']
734068,precision,0.0,recall,0.0,['factor pagerank', 'pagerank value', 'pagerank derivatives', 'meaningful ranking', 'graphs values']
11275613,precision,0.2,recall,0.3333333333333333,['data records', 'record extraction', 'web page', 'state-of-the-art methods', 'automatic methods']
10057112,precision,0.4,recall,0.3333333333333333,['spreadsheet data', 'spreadsheet-based mashup', 'develop mashups', 'web mashups', 'mashup patterns']
9019192,precision,0.0,recall,0.0,['community evolution', 'meaningful communities', 'network data', 'novel framework', 'social networks']
9524701,precision,0.2,recall,0.25,['social networks', 'user profiles', 'private user', 'private-profile users', 'private attributes']
3942651,precision,0.0,recall,0.0,['bloom filters', 'approximate state', 'cache state', 'large memory', 'memory-efficient cdn']
13059044,precision,0.4,recall,1.0,['query logs', 'ambiguous\\/faceted queries', 'diversification problem', 'search results', 'results diversification']
4162302,precision,0.0,recall,0.0,['computer-aided learning', 'regions computer-aided', 'such learning', 'learning environments', 'learning modules']
4340570,precision,0.2,recall,0.5,['tree matching', 'weighted tree', 'matching metric', 'data extraction', 'extracting records']
1229684,precision,0.2,recall,0.25,['integrity constraints', 'relational databases', 'databases schema', 'schema statements', 'analogous statements']
13059085,precision,0.4,recall,0.5,['millions nodes', 'web graphs', 'graph compression', 'large graphs', 'label propagation']
5930084,precision,0.0,recall,0.0,['user interests', 'social interest', 'common interests', 'user tags', 'interest discovery']
9693036,precision,0.0,recall,0.0,['popular photos', 'information propagation', 'social networking', 'massive popularity', 'popular way']
4435465,precision,0.0,recall,0.0,['syndication approach', 'expressive syndication', 'expressive approaches', 'query approach', 'web syndication']
13063612,precision,0.2,recall,0.2,['ranking web', 'web search', 'web pages', 'search ranking', 'content quality']
10563630,precision,0.0,recall,0.0,['numerous earthquakes', 'earthquake reporting', 'detects earthquakes', 'earthquake occurrence', 'real-time event']
9319344,precision,0.2,recall,0.1111111111111111,['social networks', 'networks such', 'discussion threads', 'user comment', 'comment activity']
9035229,precision,0.0,recall,0.0,['different graphs', 'different factorization', 'document recommendation', 'document similarities', 'relative similarities']
14265822,precision,0.0,recall,0.0,['information retrieval', 'set similarity', 'computational advertising', 'estimating set', 'data management']
4234260,precision,0.2,recall,0.25,['template engine', 'engine designers', 'engine development', 'stringtemplate engine', 'separation principle']
32784,precision,0.0,recall,0.0,['link graph', 'graph structure', 'many newsgroup', 'newsgroup postings', 'mining newsgroups']
503869,precision,0.2,recall,0.1111111111111111,['sctp design', 'sctp features', 'several sctp', 'web transport', 'layer protocol']
51476,precision,0.0,recall,0.0,['complex query', 'query facilities', 'networks rdf-based', 'networks such', 'p2p networks']
8185170,precision,0.2,recall,0.25,['data clustering', 'clustering method', 'clustering algorithm', 'web data', 'traditional clustering']
10278781,precision,0.0,recall,0.0,['object views', 'objects shared', 'javascript objects', 'document object', 'same object']
1845167,precision,0.0,recall,0.0,['test deployment', 'search modality', 'gnutella peer-to-peer', 'access statistics', 'gnutella-web gateway']
9919614,precision,0.2,recall,0.1,['twitter users', 'entire twitter', 'twitter site', 'social network', 'news media']
84940,precision,0.2,recall,0.3333333333333333,['web graph', 'webbase graph', 'webgraph framework', 'large web', 'difficult due']
6158247,precision,0.0,recall,0.0,['ranking information', 'ranking function', 'information retrieval', 'ranking refinement', 'base ranker']
1229683,precision,0.2,recall,0.3333333333333333,['structured objects', 'owl representation', 'connected structures', 'description graphs', 'reasoning applications']
812969,precision,0.2,recall,0.16666666666666666,['spam pages', 'web pages', 'artificially-created pages', 'spam web', 'non-spam pages']
9703157,precision,0.2,recall,0.2,['reliable users', 'quality content', 'question answering', 'user reputation', 'other users']
1033807,precision,0.2,recall,0.2,['policy testing', 'control policies', 'various policies', 'specified policies', 'policy developers']
11796084,precision,0.2,recall,0.25,['web sources', 'source quality', 'relevant web', 'relevance evaluations', 'source selection']
101488,precision,0.2,recall,0.5,['repository interoperability', 'object repositories', 'digital repository', 'communication protocol', 'ims dri']
11841922,precision,0.2,recall,0.3333333333333333,['feedback query', 'feedback models', 'user feedback', 'learning process', 'query suggestion']
4284206,precision,0.4,recall,0.6666666666666666,['service configurations', 'web service', 'optimal service', 'service selection', 'service requesters']
3911283,precision,0.0,recall,0.0,['resource demands', 'resource utilization', 'resources available', 'application clusters', 'web applications']
3822664,precision,0.2,recall,0.3333333333333333,['web search', 'search engines', 'current web', 'prospective search', 'engines current']
12003689,precision,0.2,recall,0.3333333333333333,['social relationships', 'social network', 'proximity geography', 'facebook social', 'social media']
16387,precision,0.2,recall,0.3333333333333333,['service matchmaking', 'web services', 'services technologies', 'service descriptions', 'service advertisement']
4260406,precision,0.2,recall,0.25,['peer-to-peer learning', 'learning interactions', 'web components', 'semantic web', 'dynamic web']
16706,precision,0.4,recall,0.4,['web resources', 'physical hyperlink', 'identifier resolution', 'virtual web', 'handheld devices']
380451,precision,0.2,recall,0.3333333333333333,['xml schema', 'document type', 'xml documents', 'type definitions', 'typing mechanism']
4440031,precision,0.0,recall,0.0,['recommender systems', 'recommendation effects', 'recommendation services', 'modeling user', 'user behavior']
4447492,precision,0.2,recall,0.3333333333333333,['service discovery', 'p2p service', 'semantic service', 'web service', 'service link']
91138,precision,0.2,recall,0.2,['web accessibility', 'web content', 'view web', 'content developers', 'complementary approach']
7385442,precision,0.0,recall,0.0,['security vulnerabilities', 'security guarantees', 'secure server-side', 'useful security', 'web programming']
4634522,precision,0.0,recall,0.0,['xml query', 'xml range', 'experimental evaluations', 'xml document', 'structure range']
11807460,precision,0.2,recall,0.25,['javascript code', 'web pages', 'malicious pages', 'malicious web', 'malicious code']
4513151,precision,0.2,recall,0.25,['large annotation', 'social annotation', 'novel algorithm', 'annotation data', 'annotation sets']
21580,precision,0.0,recall,0.0,['web api', 'ontology api', 'rich apis', 'model api', 'rdf recommendations']
11277694,precision,0.2,recall,0.5,['graph structure', 'network structure', 'structure information', 'social graph', 'link recommendation']
9128408,precision,0.4,recall,0.4,['network community', 'network generation', 'social networks', 'commonly-used network', 'community structure']
4629357,precision,0.0,recall,0.0,['web documents', 'web structures', 'such web', 'frames behavior', 'behavior specifications']
10525045,precision,0.0,recall,0.0,['formally-defined mashup', 'mashup operators', 'mashup applications', 'programming model', 'end-user-oriented programming']
796357,precision,0.4,recall,0.4,['network measurement', 'measurement infrastructure', 'remote measurement', 'triggered measurement', 'performance measurements']
239996,precision,0.2,recall,0.25,['semantic caching', 'caching system', 'xquery containment', 'dependencies semantic', 'xquery semantics']
4336366,precision,0.0,recall,0.0,['class attributes', 'specification pages', 'web pages', 'class label', 'representative specification']
7345863,precision,0.0,recall,0.0,['web version', 'web development', 'control tools', 'web application', 'web objects']
681303,precision,0.2,recall,0.16666666666666666,['similarity search', 'similarity information', 'hyperlink structure', 'algorithms scalable', 'search algorithms']
9337801,precision,0.0,recall,0.0,['web traffic', 'web applications', 'p2p traffic', 'internet traffic', 'traffic peer-to-peer']
3953179,precision,0.0,recall,0.0,['data records', 'segment data', 'web data', 'data fields', 'data items']
11714006,precision,0.2,recall,0.16666666666666666,['web query', 'query language', 'query construction', 'kiwi query', 'example queries']
13240315,precision,0.0,recall,0.0,['tag semantics', 'emerging semantic', 'semantic structures', 'resulting semantics', 'semantic similarity']
4332137,precision,0.2,recall,0.2,['web search', 'p2p web', 'efficient search', 'overlay networks', 'search mechanisms']
97953,precision,0.2,recall,0.25,['page segmentation', 'segmentation method', 'segmentation scheme', 'web page', 'vision-based page']
9524697,precision,0.2,recall,0.2,['network data', 'social network', 'private information', 'inference attacks', 'data on-line']
309782,precision,0.2,recall,0.16666666666666666,['semantic search', 'keyword-based search', 'search capabilities', 'complex search', 'search requests']
3801417,precision,0.0,recall,0.0,['personalized tags', 'tagging approach', 'annotation tags', 'automatic tagging', 'such tags']
9920535,precision,0.0,recall,0.0,['search ad', 'ad context', 'ad selection', 'ad retrieval', 'page content']
86329,precision,0.0,recall,0.0,['document versioning', 'file version', 'version history', 'past versions', 'assumed versions']
10414735,precision,0.4,recall,0.5,['social search', 'faceted search', 'search engine', 'search terms', 'social bookmarks']
7821111,precision,0.0,recall,0.0,['rdf graphs', 'networked graphs', 'sparql rules', 'sparql views', 'other graphs']
13064535,precision,0.2,recall,0.125,['web search', 'spoken web', 'web context', 'content search', 'audio content']
3613072,precision,0.0,recall,0.0,['xquery implementation', 'xquery full-text', 'complete implementation', 'conformant implementation', 'full-text query']
5215473,precision,0.2,recall,0.16666666666666666,['search engine', 'flash search', 'semantics flash', 'eigenvector-based model', 'content-based flash']
5808407,precision,0.2,recall,0.3333333333333333,['dense communities', 'artificial communities', 'community watch', 'dense subgraphs', 'massive graphs']
11628441,precision,0.4,recall,0.3333333333333333,['review quality', 'unlabeled reviews', 'review text', 'review helpfulness', 'online reviews']
178963,precision,0.2,recall,0.25,['learning problem', 'tag recommendation', 'multi-modality recommendation', 'recommendation strategy', 'current recommendation']
9942031,precision,0.2,recall,0.14285714285714285,['limitation problem', 'optimization problem', 'supermodular problem', 'complete data', 'social networks']
4095236,precision,0.4,recall,0.5,['internet applications', 'rich internet', 'web modeling', 'web interfaces', 'modeling language']
11134936,precision,0.0,recall,0.0,['folksonomy learning', 'state-of-the-art folksonomy', 'reference taxonomy', 'learning method', 'approach clusters']
4442736,precision,0.4,recall,1.0,['document similarity', 'xml document', 'xml elements', 'transportation similarity', 'similarity calculation']
706774,precision,0.0,recall,0.0,['caching technique', 'web access', 'substring caching', 'additional techniques', 'such techniques']
4030772,precision,0.2,recall,0.2,['web graph', 'result quality', 'userquery reformulation', 'web graphical', 'search result']
336149,precision,0.0,recall,0.0,['online ontologies', 'search engines', 'indexing ontologies', 'constructing ontologies', 'online libraries']
7243680,precision,0.0,recall,0.0,['learning algorithms', 'machine learning', 'learning information', 'observation users', 'straightforward application']
9090671,precision,0.0,recall,0.0,['meta knowledge', 'sparql query', 'original query', 'web query', 'query languages']
183,precision,0.0,recall,0.0,['malicious peers', 'networks peer-to-peer', 'p2p networks', 'file-sharing network', 'reputation system']
464366,precision,0.4,recall,0.4,['application data', 'web applications', 'data replication', 'autonomic data', 'autonomic replication']
7718394,precision,0.0,recall,0.0,['application data', 'service-oriented data', 'data interdependencies', 'data services', 'independent data']
7273113,precision,0.2,recall,0.25,['crawler access', 'certain crawlers', 'engine crawler', 'robots exclusion', 'exclusion protocol']
4363952,precision,0.0,recall,0.0,['tower heights', 'network topology', 'wifi network', 'network planning', 'network performance']
251909,precision,0.2,recall,0.25,['web pages', 'web design', 'web sites', 'web engineering', 'semantic annotation']
10946910,precision,0.4,recall,0.4,['search query', 'query processing', 'query spelling', 'query bracketing', 'query segmentation']
858389,precision,0.0,recall,0.0,['web applications', 'web vulnerability', 'application security', 'web security', 'security vulnerabilities']
285729,precision,0.0,recall,0.0,['pagerank vector', 'topic-sensitive pagerank', 'pagerank algorithm', 'single pagerank', 'pagerank scores']
125048,precision,0.0,recall,0.0,['rdf graphs', 'graphs nameable', 'specific graphs', 'rdf statements', 'many rdf']
13526048,precision,0.2,recall,0.25,['web documents', 'time-stamped web', 'web mining', 'first web', 'new web']
9061374,precision,0.0,recall,0.0,['abstract process', 'executable processes', 'ws-bpel processes', 'abstract ws-bpel', 'business processes']
13545447,precision,0.0,recall,0.0,['online clustering', 'clustering methods', 'dynamical clustering', 'streaming data', 'general framework']
4036152,precision,0.0,recall,0.0,['new page', 'new content', 'new contenton', 'new contentis', 'toyield links']
9098177,precision,0.0,recall,0.0,['effective search', 'search efficiency', 'search engine', 'high search', 'effective unified']
10633510,precision,0.0,recall,0.0,['tag ranking', 'tags annotated', 'new tag', 'mining technique', 'ranking algorithm']
5170182,precision,0.6,recall,0.75,['index caching', 'index compression', 'list caching', 'memory cache', 'inverted index']
4001084,precision,0.0,recall,0.0,['user locations', 'anonymizationand location', 'mobile users', 'anonymityof users', 'canaccess location']
10477594,precision,0.0,recall,0.0,['online advertising', 'modeling externalities', 'other advertisements', 'advertising audience', 'ad auction']
4786762,precision,0.0,recall,0.0,['bidding algorithms', 'budget-constrained bidding', 'bidding performance', 'bidding strategies', 'bidding optimization']
89015,precision,0.2,recall,0.25,['dispersed players', 'interactive cyberdrama', 'interactive storytelling', 'computer-based interactive', 'augmented interactivity']
13063481,precision,0.4,recall,0.5,['neighbor graph', 'k-nearest neighbor', 'graph construction', 'efficient k-nearest', 'k-nng construction']
823225,precision,0.0,recall,0.0,['ontology tools', 'ontology reasoners', 'web ontology', 'ontology languages', 'software engineering']
4390411,precision,0.2,recall,0.25,['request termination', 'request patterns', 'long requests', 'early request', 'incoming requests']
14316718,precision,0.0,recall,0.0,['optimal outcomes', 'contributions receive', 'optimal rewards', 'mechanism designer', 'implementing optimal']
4219664,precision,0.0,recall,0.0,['browser cache', 'browser state', 'client-side browser', 'persistent browser', 'long-term browser']
6009841,precision,0.6,recall,1.0,['faceted browser', 'user navigation', 'adaptive faceted', 'open information', 'information spaces']
10030413,precision,0.0,recall,0.0,['community recommendations', 'recommendation lists', 'user latent', 'recommendations metric', 'recommendation task']
7029529,precision,0.2,recall,0.16666666666666666,['keyword advertisements', 'search keyword', 'different keywords', 'search advertising', 'advertisers bid']
11338040,precision,0.4,recall,0.2857142857142857,['alignment sentiment', 'sentiment classification', 'sentiment data', 'sentiment classifiers', 'feature alignment']
11556066,precision,0.0,recall,0.0,['hardware-driven speedups', 'significant time', 'webpage layout', 'layout engine', 'layout problem']
95980,precision,0.2,recall,0.2,['xml xml', 'xml repositories', 'xml setting', 'event-condition-action language', 'eca rules']
6153556,precision,0.0,recall,0.0,['formula search', 'chemical formulae', 'search engine', 'index chemical', 'particular chemical']
91382,precision,0.0,recall,0.0,['claimaker model', 'graph model', 'claimaker system', 'new claims', 'new findings']
9123640,precision,0.4,recall,0.3333333333333333,['researcher profiles', 'researcher social', 'network system', 'expertise search', 'social network']
979879,precision,0.4,recall,0.16666666666666666,['relationship search', 'search results', 'association searches', 'semantic associations', 'web search']
4610321,precision,0.4,recall,0.3333333333333333,['functional xml', 'xml vocabulary', 'single xml', 'semantic web', 'web services']
4061779,precision,0.0,recall,0.0,['document taxonomies', 'labeled documents', 'technique groups', 'class labels', 'pre-defined taxonomy']
9630659,precision,0.0,recall,0.0,['user privacy', 'user transitions', 'unique user', 'privacy preserving', 'optimize-and-dispatch approach']
4332212,precision,0.4,recall,0.3333333333333333,['topic sentiment', 'topic models', 'sentiment models', 'sentiment mixture', 'topic facets']
11108002,precision,0.0,recall,0.0,['user-generated content', 'quality ugc', 'high-quality user', 'high quality', 'quality contributions']
13062406,precision,0.4,recall,0.6666666666666666,['social networks', 'interest space', 'recent model', 'affiliation networks', 'natural local']
3311689,precision,0.0,recall,0.0,['thin-client applications', 'web applications', 'such applications', 'network-centric applications', 'java foundation']
4535840,precision,0.2,recall,0.25,['privacy support', 'web service', 'conversation-based web', 'services service', 'adequate security']
107722,precision,0.0,recall,0.0,['web data', 'dynamic web', 'adaptive push-pull']
4493351,precision,0.2,recall,0.14285714285714285,['summary set', 'photo set', 'geo-referenced photos', 'summary algorithm', 'geo-referenced photographs']
7839955,precision,0.0,recall,0.0,['tag semantics', 'flickr tag', 'event semantics', 'metadata patterns', 'geo-annotated web']
9650811,precision,0.4,recall,0.6666666666666666,['anchor text', 'modeling anchor', 'query terms', 'navigational queries', 'query classification']
4376929,precision,0.0,recall,0.0,['similar attributes', 'similar preference', 'user community', 'user groups', 'item community']
4859597,precision,0.0,recall,0.0,['application designer', 'web applications', 'model driven', 'driven design', 'design philosophy']
10606830,precision,0.0,recall,0.0,['networking privacy', 'privacy wizards', 'detailed privacy', 'privacy settings', 'privacy preference']
10631238,precision,0.2,recall,0.25,['drive-by-download attacks', 'javascript code', 'malicious javascript', 'malicious code', 'javascript language']
11701167,precision,0.0,recall,0.0,['analysis tasks', 'web crawlers', 'focused crawlers', 'crawl process', 'focused tasks']
87487,precision,0.4,recall,0.5,['xml programming', 'programming language', 'xml schema', 'xml protocol', 'web service']
3599703,precision,0.0,recall,0.0,['core component', 'ranking scheme', 'limit pagerank', 'meaningless value', 'meaningful values']
73158,precision,0.4,recall,0.4,['semantic relationship', 'semantic web', 'semantic link', 'relationships discovery', 'automatic semantic']
752964,precision,0.2,recall,0.16666666666666666,['recommendation lists', 'recommender systems', 'book recommendation', 'individual recommendations', 'recommendation data']
11418806,precision,0.0,recall,0.0,['search queries', 'query intent', 'trec queries', 'real queries', 'web search']
377510,precision,0.5,recall,0.1,['access control', 'soap e-services']
11792499,precision,0.2,recall,0.5,['locations such', 'many location', 'location data', 'interesting locations', 'activity recommendations']
3676187,precision,0.2,recall,0.16666666666666666,['page classification', 'web pages', 'web query', 'classification performance', 'web-page classification']
355688,precision,0.4,recall,0.5,['web object', 'information retrieval', 'object retrieval', 'document-level information', 'structured information']
571354,precision,0.0,recall,0.0,['web-based multimedia', 'generation web-based', 'third generation']
7111844,precision,0.0,recall,0.0,['individual ads', 'ad network', 'ad impressions', 'ad placement', 'real-world ad']
4644604,precision,0.0,recall,0.0,['search users', 'search engine', 'evaluation method', 'evaluation result', 'web search']
11631791,precision,0.2,recall,0.3333333333333333,['web search', 'google web', 'result summary', 'presentation bias', 'result attractiveness']
92127,precision,0.4,recall,0.13333333333333333,['logic programs', 'description logic', 'first-order logic', 'horn logic', 'ruleml logic']
11850677,precision,0.4,recall,0.5,['image search', 'image re-ranking', 'search results', 'image rankers', 'original ranking']
5125677,precision,0.2,recall,0.25,['web service', 'service parameters', 'service providers', 'service expiration', 'pre-defined service']
4436943,precision,0.2,recall,0.5,['focused crawling', 'crawl frontier', 'unvisited pages', 'first-order focused', 'focused crawler']
11876537,precision,0.0,recall,0.0,['internet access', 'web access', 'primary school', 'peri-urban india', 'http traffic']
4688448,precision,0.0,recall,0.0,['frameworkwhereby crawlers', 'adaptive crawlers', 'hidden-web entry', 'web pages', 'hidden-web sources']
638237,precision,0.0,recall,0.0,['similarity queries', 'peer-to-peer networks', 'answering similarity']
7834486,precision,0.0,recall,0.0,['route control', 'anycast cdn', 'anycast mechanism', 'control mechanisms', 'ip anycast']
13060669,precision,0.2,recall,0.16666666666666666,['network edges', 'twitter relationships', 'twitter celebrities', 'network growth', 'social network']
13063697,precision,0.4,recall,0.6666666666666666,['sparql query', 'sparql views', 'xml case', 'conjunctive queries', 'equivalent queries']
13109,precision,0.0,recall,0.0,['web pages', 'page structure', 'page adaptation', 'small-form-factor device', 'small screen']
1227358,precision,0.2,recall,0.14285714285714285,['fluid annotations', 'hypermedia prototype', 'open hypermedia', 'recently-developed fluid', 'fluid open']
3944939,precision,0.2,recall,0.5,['medical search', 'medical information', 'medical web', 'medical phrases', 'specialized medical']
8158094,precision,0.0,recall,0.0,['libraries figures', 'digital libraries', 'library users', 'experimental evaluation', 'index information']
1059530,precision,0.0,recall,0.0,['student knowledge', 'student learning', 'assessment data', 'school year', 'assistment system']
825450,precision,0.2,recall,0.1,['experimental domain', 'biological ontology', 'ontology schemas', 'ontologies high', 'complex ontologies']
102635,precision,0.5,recall,0.5,['intelligent crawling', 'arbitrary predicates', 'world wide', 'wide web']
4587855,precision,0.0,recall,0.0,['online communities', 'active communities', 'online forums', 'virtual communities', 'active contributions']
285980,precision,1.0,recall,0.2,['active learning']
11820997,precision,0.3333333333333333,recall,0.25,['video sharing', 'web-based video', 'sharing workloads']
9848499,precision,0.0,recall,0.0,['privacy diffusion', 'secondary privacy', 'privacy damage', 'third parties', 'web sites']
11848994,precision,0.4,recall,0.5,['web structure', 'entity-page discovery', 'web graph', 'web site', 'structure mining']
40426,precision,0.0,recall,0.0,['power method', 'pagerank algorithm', 'extrapolation methods', 'fast methods', 'pagerank computations']
4539766,precision,0.0,recall,0.0,['xml data', 'xml query', 'continuous xml', 'tree structure', 'frequent tree']
13526913,precision,0.0,recall,0.0,['javascript interactions', 'web applications', 'web pages', 'javascript engine', 'interactive web']
13062191,precision,0.4,recall,0.6666666666666666,['query templates', 'query recommendation', 'long-tail queries', 'individual query', 'query assistance']
13064296,precision,0.0,recall,0.0,['information spreading', 'context information', 'forward information', 'spreading processes', 'information flow']
4750029,precision,0.0,recall,0.0,['pagerank algorithm', 'powerrank algorithm', 'analysis algorithm', 'powerrank web', 'web graph']
9944113,precision,0.2,recall,0.3333333333333333,['graph datasets', 'graph models', 'graph properties', 'graph metric', 'social graph']
10119,precision,0.2,recall,0.125,['services web', 'service composition', 'services tasks', 'service simulation', 'service descriptions']
740593,precision,0.0,recall,0.0,['web navigation', 'navigation actions', 'within-page navigation', 'navigation actions√∂', 'navigation element']
