4983102,precision,0.1,recall,0.25,['web robots', 'ethical robots', 'robots exclusion', 'robot activities', 'robots rules', 'focused crawler', 'enforcement standard', 'web scale', 'business domains', 'statistical analysis']
11485543,precision,0.2,recall,0.666666667,['search task', 'web search', 'semantic search', 'search problems', 'search engines', 'search application', 'commercial web', 'evaluation metrics', 'realistic evaluation', 'appropriate evaluation']
7461370,precision,0,recall,0,['web graph', 'url uniqueness', 'web crawler', 'unique nodes', 'related work', 'billion pages', 'download rate', 'html pages', 'average download', 'single-server implementation']
10272014,precision,0.1,recall,0.166666667,['forum pages', 'extraction performance', 'post pages', 'various forums', 'page-level knowledge', 'site-level knowledge', 'web forum', 'object pages', 'data extraction', 'forum site']
9331037,precision,0,recall,0,['keywords-retrieval component', 'identity-based component', 'data sources', 'retrieval phishing', 'ir algorithms', 'search engines', 'phishing patterns', 'training data', 'detects phishing', 'hybrid phish']
1225527,precision,0,recall,0,['xml search', 'xml data', 'xml files', 'standard xml', 'xml representation', 'xml indexing', 'xml documents', 'zips xml', 'time performance', 'content searches']
10950133,precision,0.4,recall,0.666666667,['chrome browser', 'google chrome', 'client-side filters', 'filter design', 'filters cross-site', 'browser vendors', 'new filter', 'xss filters', 'html parsing', 'cross-site scripting']
9934456,precision,0.3,recall,0.75,['xml documents', 'xml type', 'standard document', 'standardization bodies', 'various xml', 'xml schema', 'definition languages', 'type definition', 'document formats', 'w3c specifications']
4590503,precision,0,recall,0,['form features', 'web forms', 'online database', 'web data', 'classifying online', 'partitioningthe space', 'online databasedomain', 'database directories', 'high accuracy', 'similar online']
4484921,precision,0.1,recall,0.142857143,['collaborative tagging', 'tagging systems', 'tag co-occurrence', 'particular tags', 'tagging history', 'unsupervised tagging', 'other tags', 'many tags', 'law distribution', 'stable distribution']
11570239,precision,0.3,recall,0.5,['link problem', 'blocking approach', 'time-interval-based blocking', 'matching problem', 'broken link', 'blocking technique', 'linked data', 'such links', 'instance matching', 'knowledge bases']
9614136,precision,0,recall,0,['google image', 'product image', 'rank images', 'other images', 'image search', 'recent google', 'real-world system', 'user satisfaction', 'visual signals', 'significant improvement']
583335,precision,0.3,recall,0.75,['document summarization', 'entire summary', 'fractal summarization', 'computation load', 'major computation', 'middle-tier conducting', 'handheld devices', 'summarization model', 'download time', 'three-tier architecture']
7728513,precision,0,recall,0,['language models', 'annotation data', 'topical information', 'social annotation', 'real-world annotation', 'background models', 'minimization framework', 'probabilistic models', 'risk minimization', 'significant improvements']
680590,precision,0.1,recall,0.5,['preliminary results', 'data set', 'email conversations', 'enron data', 'email summarization', 'conversation summarization', 'clue words', 'second novelty', 'many users', 'fragment quotation']
11708130,precision,0.1,recall,0.333333333,['different folksonomy', 'folksonomy algorithm', 'state-of-the-art folksonomy', 'evaluating folksonomies', 'search algorithm', 'so-called folksonomies', 'different social', 'navigating social', 'background knowledge', 'tagging system']
3894952,precision,0,recall,0,['spam double-funnel', 'spam pages', 'redirection spam', 'spam doorway', 'spam links', 'double-funnel model', 'advertisers spammers', 'legitimate advertisers', 'website owners', 'legitimate website']
11394824,precision,0,recall,0,['significant insights', 'advanced email', 'email features', 'email response', 'friends-of-friends relationships', 'enterprise size', 'email communication', 'email usage', 'threshold behaviors', 'email social']
21587,precision,0.555555556,recall,0.833333333,['design pattern', 'theoretical justification', 'grammar rule', 'rdf graph', 'universal algebra', 'readable rdf\\/xml', 'rdf\\/xml document', 'unparsing rdf\\/xml', 'recursive descent'],
690695,precision,0.1,recall,0.333333333,['user-centric web', 'scheduling web', 'search repository', 'web page', 'web data', 'engine repository', 'real web', 'prior web', 'engine quality', 'live web']
10389546,precision,0.3,recall,0.5,['web server', 'client-side template', 'portions web', 'web applications', 'web sessions', 'web browsers', 'client-side database', 'server-only web', 'template caching', 'caching toolkit']
589031,precision,0.1,recall,0.2,['odemapster processor', 'data upgrade', 'legacy data', 'driven data', 'mapping language', 'generic processor', 'processor capable', 'such mapping', 'mapping descriptions', 'r2o mapping']
1495443,precision,1,recall,0.5,['electronic negotiations', 'xml schema', 'communication design'],,,,,,,
10582584,precision,0.1,recall,0.142857143,['dispute finder', 'known disputed', 'disputed claims', 'claim database', 'various design', 'design decisions', 'other points', 'entailment algorithm', 'browser extension', 'web sites']
3611227,precision,0.1,recall,0.333333333,['self-tuning indexes', 'similarity indexes', 'main-memory-based indexes', 'lsh forest', 'indexing high-dimensional', 'parallel systems', 'indexing scheme', 'self-tuning nature', 'text data', 'text corpora']
677475,precision,0.5,recall,0.833333333,['description formulations', 'matching approaches', 'documents approach', 'graph structure', 'rdf graph', 'linguistic matching', 'ontology matching', 'neighboring operations', 'local descriptions', 'linguistic techniques']
10178588,precision,0,recall,0,['domain examples', 'feature values', 'out-domain examples', 'space domain', 'related domains', 'disjoint features', 'feature space', 'domain transfer', 'feature vector', 'different domain']
704848,precision,0.1,recall,0.142857143,['interactive school', 'school materials', 'design issues', 'ebag infrastructure', 'school environments', 'web infrastructure', 'school kids', 'school children', 'generic infrastructure', 'ubiquitous web']
334718,precision,0.1,recall,0.166666667,['definitional question', 'definition sentence', 'definition generation', 'state-of-art definition', 'timely definitions', 'soft pattern', 'pattern generation', 'matching patterns', 'text patterns', 'baseline systems']
10460577,precision,0.1,recall,0.142857143,['manual estimations', 'duration times', 'tourist photos', 'tourist sites', 'temporal information', 'related information', 'visit duration', 'tourist attraction', 'geo-tagged photos', 'mining information']
10023569,precision,0.1,recall,0.5,['front-end service', 'other services', 'multiple services', 'multi-service application', 'performance objectives', 'sla target', 'resource utilization', 'pre-defined sla', 'dynamic resource', 'web application']
13059029,precision,0.1,recall,0.166666667,['acm corpus', 'evolution graph', 'concrete summary', 'concrete information', 'topic evolution', 'background knowledge', 'discover topics', 'document network', 'time-stamped document', 'finer resolution']
696215,precision,0.2,recall,0.333333333,['multimedia web', 'multimedia objects', 'multimedia pagerank', 'other multimedia', 'web objects', 'web pages', 'web documents', 'hyperlink analysis', 'algorithm hyperlink', 'pagerank algorithm']
825446,precision,0.1,recall,0.111111111,['rich access', 'smooth continuum', 'grid resources', 'information grid', 'final goal', 'prototype implementation', 'grid framework', 'web application', 'semantic web', 'machine understandable']
3766621,precision,0.1,recall,0.2,['real-world semantics', 'real-world events', 'query semantic', 'semantic similarity', 'query similarity', 'time-dependent semantic', 'click-through data', 'time-dependent query', 'similarity model', 'data logged']
13064160,precision,0,recall,0,['anchor text', 'title model', 'language styles', 'document body', 'document titles', 'powerful models', 'matched model', 'multi-style modeling', 'web scale', 'breaking performance']
13061804,precision,0.2,recall,0.5,['substantial increase', 'search space', 'search algorithm', 'query completions', 'pruning heuristics', 'spelling correction', 'various pruning', 'correction pairs', 'corrected completion', 'search engines']
310161,precision,0,recall,0,['services composition', 'web service', 'service instances', 'prototype service', 'service capabilities', 'new services', 'service creation', 'above approaches', 'programming approach', 'ai approach']
10844303,precision,0,recall,0,['user query', 'user search', 'algorithm clusters', 'user study', 'search query', 'user intent', 'clustering query', 'co-occurrence information', 'original user', 'information relevant']
9940239,precision,0.2,recall,0.285714286,['bandit algorithm', 'new algorithm', 'learning algorithm', 'context-free bandit', 'bandit problem', 'contextual bandit', 'module dataset', 'front page', 'offline evaluation', 'evaluation method']
3598588,precision,0,recall,0,['internet search', 'engine developments', 'search engine', 'evaluation purposes', 'such purposes', 'wt10g dataset', 'popular benchmark', 'new dataset', 'popular wt10g', 'internet-based experiments']
4644622,precision,0.1,recall,0.071428571,['usage patterns', 'communication technologies', 'technology usage', 'geographic areas', 'other geographic', 'world social', 'technology adoption', 'other parts', 'information seeking', 'public access']
62825,precision,0,recall,0,['pages change', 'change behavior', 'dynamic changes', 'scheduling phase', 'change characteristics', 'change tracking', 'important phases', 'web pages', 'allocation phase', 'relevant pages']
54303,precision,0,recall,0,['modeling activities', 'human activities', 'day-to-day activity', 'activity recognition', 'practical activity', 'labeled activities', 'sensor data', 'model construction', 'frequency identification', 'mining models']
9629719,precision,0,recall,0,['matching queries', 'query representation', 'query time', 'popular queries', 'rare queries', 'negligible increase', 'processed offline', 'effective approach', 'search results', 'computational cost']
4530378,precision,0,recall,0,['knowledge discovery', 'hyperlink architecture', 'client-server architecture', 'map-and hyperlink', 'system integration', 'map interface', 'web content', 'location-specific web', 'web search', 'local web']
494956,precision,0,recall,0,['ranks news', 'news article', 'news sources', 'academic news', 'news story', 'indexing news', 'news information', 'authoritative news', 'news search', 'ranking algorithm']
13064730,precision,0.2,recall,1,['software infrastructure', 'synchronizability problem', 'synchronizability choreography', 'synchronizable services', 'services interact', 'message-based interactions', 'interaction behavior', 'such interactions', 'choreography conformance', 'choreography specification']
10464296,precision,0.1,recall,0.25,['wiki wikis', 'wiki data', 'wiki systems', 'wiki architecture', 'popular wiki', 'centralized wiki', 'wiki software', 'current wiki', 'tolerant wiki', 'make wiki']
280273,precision,0,recall,0,[],,,,,,,,,
1168781,precision,0.1,recall,0.142857143,['mobile applications', 'supply chains', 'rural supply', 'grassroots innovation', 'infrastructure constraints', 'electronic medical', 'medical histories', 'mobile phone', 'mobile computing', 'mobile software']
3884003,precision,0,recall,0,['query cost', 'cost model', 'aggregation queries', 'client query', 'continuous queries', 'refresh messages', 'execution cost', 'query plan', 'query execution', 'data aggregator']
10524156,precision,0.2,recall,0.4,['interesting mashups', 'semantic-based mashup', 'build mashups', 'mashup navigation', 'api network', 'data apis', 'popular apis', 'navigation system', 'important role', 'sample network']
11034828,precision,0.125,recall,0.25,['useful insights', 'tag suggestion', 'tag recurrence', 'social tagging', 'collective settings', 'rsdc08 dataset', 'suggestion techniques', 'recurrence dynamics'],,
9900214,precision,0,recall,0,['personalized search', 'search result', 'exploration searches', 'web search', 'traditional search', 'search system', 'usability related', 'exploratory searches', 'related characteristics', 'several usability']
10795381,precision,0.1,recall,0.25,['facet hierarchies', 'faceted interface', 'facet generation', 'user study', 'category system', 'query-dependent faceted', 'individual facet', 'faceted retrieval', 'other faceted', 'wikipedia articles']
1194809,precision,0.1,recall,0.166666667,['user study', 'user evaluation', 'qualitative improvement', 'specific user', 'back navigation', 'smartback prototype', 'home settings', 'back button', 'monitored usage', 'navigation activities']
611826,precision,0,recall,0,['considerations such', 'important considerations', 'fragment caching', 'such content', 'page composition', 'resources such', 'client-side proxies', 'important research', 'great benefits', 'extensive investigation']
13778833,precision,0,recall,0,['crawl accuracy', 'classification accuracy', 'harvest rate', 'system constructs', 'crawl scalability', 'after-school program', 'deployment study', 'several metrics', 'pilot deployment', 'preliminary deployment']
10599039,precision,0.1,recall,0.333333333,['privacy preferences', 'content sharing', 'privacy settings', 'privacy management', 'privacy policies', 'proof-of-concept application', 'rewards users', 'collective privacy', 'content ownership', 'inference techniques']
4499757,precision,0,recall,0,['learning methods', 'machine learning', 'probability mass', 'new method', 'basic machine', 'different graphs', 'stationary distribution', 'functional categories', 'corresponding category', 'web elements']
506497,precision,0.2,recall,0.285714286,['sampling algorithm', 'performance problems', 'semantic community', 'enf-gibbs sampling', 'traditional methods', 'email corpus', 'experimental studies', 'enron email', 'community discovery', 'generative models']
3606160,precision,0,recall,0,['data sources', 'dynamic data', 'probabilistic approach', 'web data', 'data items', 'multiple sources', 'data aggregators', 'data needs', 'live sources', 'refresh overheads']
11227602,precision,0,recall,0,['classification accuracy', 'link weights', 'real-world data', 'optimization procedure', 'relationship strengths', 'ascent optimization', 'link formation', 'modeling relationship', 'relationship information', 'heterogeneous relationship']
399111,precision,0.3,recall,0.272727273,['engineering challenges', 'important research', 'web application', 'social network', 'real-life coi', 'semantic associations', 'semantic web', 'potential reviewers', 'semantic analytics', 'coi detection']
4411833,precision,0,recall,0,['web page', 'content-full page', 'same page', 'speed rendering', 'pda screens', 'impaired users', 'cell phone', 'small cell', 'clean content-full', 'small body']
13505677,precision,0.2,recall,0.4,['reinforcement learning', 'feature learning', 'node similarity', 'content-based similarities', 'computing node', 'information network', 'popular algorithms', 'image-rich information', 'heterogeneous image-rich', 'image retrieval']
9324907,precision,0.1,recall,0.2,['different algorithm', 'previous algorithm', 'optimizaton problem', 'results quicklinks', 'selection problem', 'important problem', 'quicklink selection', 'chosen quicklinks', 'user browsing', 'search engines']
300908,precision,0,recall,0,['scalable vector', 'constraint extension', 'vector graphics'],,,,,,,
13530223,precision,0,recall,0,['future research', 'evaluation techniques', 'further evaluation', 'bursty terms', 'euclidean-based distance', 'life events', 'distance metric', 'state series', 'search engines', 'novel representation']
4620314,precision,0.1,recall,0.25,['automatic classification', 'automatic web', 'image classification', 'web images', 'automatic image', 'web page', 'image categories', 'image features', 'classification method', 'classification accuracy']
9919962,precision,0,recall,0,['social network', 'social computing', 'computing applications', 'online social', 'surrounding social', 'diverse range', 'high accuracy', 'social psychology', 'fundamental principles', 'signed links']
3781026,precision,0,recall,0,['new optimization', 'optimization method', 'quality threshold', 'new method', 'search queries', 'such queries', 'continuous search', 'web search', 'threshold classification', 'search systems']
70733,precision,0,recall,0,['map adaptation', 'mobile systems'],,,,,,,,
5208196,precision,0.1,recall,0.333333333,['user profiles', 'higher-level user', 'search results', 'search quality', 'rich user', 'search engine', 'improve search', 'privacy requirements', 'profile information', 'web search']
1021018,precision,0.1,recall,0.5,['search interaction', 'users search', 'interaction behavior', 'web users', 'interaction styles', 'volunteer users', 'extreme user', 'search behaviors', 'web-search interactions', 'web search']
13061707,precision,0.1,recall,0.333333333,['twitter postings', 'information credibility', 'microblog postings', 'external sources', 'automatic methods', 'measurable differences', 'significant number', 'microblogging service', 'human assessments', 'way messages']
4339859,precision,0,recall,0,['sparsity problem', 'cf approach', 'centralized cf', 'decentralized cf', 'autonomous agents', 'cooperative agents', 'overlay network', 'p2p overlay', 'traditional centralized'],
4606619,precision,0.1,recall,0.25,['ranking methods', 'method isalso', 'ranking technique', 'ranking schemes', 'basic ranking', 'learning-based ranking', 'novel ranking', 'ranking results', 'query selectiveness', 'cold-start period']
9899579,precision,0.1,recall,0.166666667,['insecure javascript', 'javascript practices', 'javascript files', 'javascript code', 'dom methods', 'website developers', 'javascript dynamic', 'web javascript', 'javascript inclusion', 'secure technique']
254899,precision,0,recall,0,['application vulnerabilities', 'web application', 'securing web', 'application security', 'unknown vulnerabilities', 'exploitable vulnerabilities', 'application code', 'static analysis', 'analysis algorithm', 'application projects']
69736,precision,0.2,recall,0.333333333,['ontology glue', 'ontology mapping', 'other ontology', 'web ontologies', 'different ontologies', 'matching process', 'domain constraints', 'existing approaches', 'learning techniques', 'mapping process']
9096332,precision,0,recall,0,['efficient algorithms', 'efficient similarity', 'computing similarity', 'similarity values', 'previous algorithms', 'page detection', 'detection problem', 'candidate sizes', 'web page', 'records such']
9228586,precision,0,recall,0,['relational objects', 'relevance feedback', 'learning task', 'new method', 'learning problem', 'baseline methods', 'ranking tasks', 'relation information', 'search learning', 'learning technology']
13061595,precision,0.2,recall,0.5,['qualitative analysis', 'in-depth qualitative', 'search logs', 'unsupervised method', 'web search', 'domain-independent entity', 'query logs', 'entity extraction', 'large-scale domain-independent', 'web documents']
4478865,precision,0,recall,0,['comparative pages', 'comparative web', 'comparative contents', 'experiment results', 'comparative information', 'web pages', 'novel interface', 'view modes', 'cws system', 'web users']
650974,precision,0,recall,0,['such content', 'extraneous content', 'content owners', 'content delivery', 'sites users', 'users access', 'measurement-based study', 'such mechanisms', 'such sites', 'public database']
10525233,precision,0.2,recall,0.5,['authentication protocol', 'internet draft', 'mozilla-based browser', 'server side', 'client side', 'web authentication', 'mutual authentication', 'http authentication', 'successful authentication', 'many features']
341457,precision,0,recall,0,['signature constraints', 'consistency constraints', 'protocol constraints', 'service interfaces', 'propositional constraints', 'temporal constraints', 'service conversation', 'web service', 'output parameters', 'output values']
4335483,precision,0.1,recall,0.333333333,['schema information', 'xml schemas', 'output formats', 'schema documentation', 'extensible schema', 'schema components', 'intermediate format', 'schematron rules', 'modular set', 'composite schemas']
886716,precision,0.2,recall,0.4,['high query', 'query processing', 'query throughput', 'high availability', 'high quality', 'web data', 'response time', 'network latency', 'fast response', 'web search']
1084549,precision,0.1,recall,0.25,['stream video', 'stream playback', 'patching techniques', 'peer-to-peer patching', 'continuous stream', 'forwarding technique', 'unicast service', 'scalable way', 'multicast-based patching', 'simulation experiments']
10814222,precision,0,recall,0,['social network', 'network instances', 'networks anonymization', 'network data', 'dynamic network', 'network such', 'same network', 'privacy loss', 'privacy risks', 'privacy preserving']
54487,precision,0,recall,0,['ontology changes', 'ontologies modeling', 'well-known ontologies', 'many ontologies', 'new ontologies', 'account dependencies', 'current tools', 'aforementioned problems', 'same thing', 'well-focused units']
9098176,precision,0.1,recall,0.333333333,['keyword queries', 'keyword proximity', 'input keywords', 'rank compact', 'answer keyword', 'meaningful compact', 'compact connected', 'maximal clca', 'proximity queries', 'ranking mechanism']
1029161,precision,0,recall,0,['indexing structures', 'attribute names', 'reflectivity datasets', 'new approach', 'high reflectivity', 'real datasets', 'hattribute name', 'partial correspondences', 'data extraction', 'high precision']
4221270,precision,0.1,recall,0.25,['advertising keywords', 'term frequency', 'search query', 'query logs', 'web pages', 'baseline systems', 'potential keyword', 'new keywords', 'example pages', 'unseen pages']
6746528,precision,0,recall,0,['answer characteristics', 'forum categories', 'yahoo answers', 'answer ratings', 'particular answer', 'related categories', 'user attributes', 'content characteristics', 'sharing forums', 'question-answer forum']
598819,precision,0,recall,0,['site graph', 'site maintainer', 'graph-based representations', 'experimental validation', 'or\\/and site', 'graph restructuring', 'popular traversals', 'popular web', 'popular hot', 'visualization tool']
259993,precision,0,recall,0,['content dynamic', 'dynamic web', 'dynamic parallelism', 'web content', 'dynamic coordination', 'dynamic run-time', 'service execution', 'web resources', 'information management', 'management applications']
9947418,precision,0.2,recall,0.5,['web applications', 'application components', 'webmail application', 'web framework', 'servlet framework', 'explicitly-specified privileges', 'privilege separation', 'java servlet', 'security review', 'programming model']
3951262,precision,0.2,recall,0.5,['real-world data', 'data set', 'information retrieval', 'information richness', 'toy data', 'representative documents', 'topic coverage', 'wide coverage', 'ranking scheme', 'affinity rank']
9605532,precision,0.3,recall,0.6,['opinion integration', 'opinion summaries', 'user opinions', 'semi-supervised topic', 'interesting applications', 'topic modeling', 'different topics', 'multiple domains', 'expert review', 'integration problem']
9415986,precision,0,recall,0,['review helpful', 'opinion evaluation', 'modeling opinion', 'book reviews', 'following review', 'novel methods', 'ifferent countries', 'user populations', 'amazon.com helpfulness', 'same product']
9392629,precision,0.1,recall,0.2,['web activity', 'personal information', 'activity categories', 'personal space', 'web studies', 'information space', 'information seeking', 'contextual inquiries', 'stationary web', 'new category']
1833006,precision,0.1,recall,0.2,['hypercube sampling', 'importance sampling', 'latin hypercube', 'random sampling', 'brokerage application', 'hill-climbing algorithm', 'application server', 'web application', 'enterprise applications', 'heuristic methods']
4281337,precision,0.1,recall,0.166666667,['text documents', 'informative documents', 'categorization model', 'text categorization', 'learning large-scale', 'large-scale text', 'labeled document', 'web documents', 'learning algorithm', 'classification models']
4382315,precision,0.1,recall,0.25,['japanese universities', 'data sets', 'real data', 'anchor text', 'focused crawler', 'decision tree', 'search engines', 'personalized search', 'scalability problem', 'unvisited urls']
11639816,precision,0.3,recall,0.333333333,['baseline model', 'session model', 'taste model', 'other models', 'statistical models', 'lda model', 'graphical model', 'cross-session information', 'listening sessions', 'music-listening sessions']
375779,precision,0.1,recall,0.142857143,['svm models', 'ranking definitions', 'generic models', 'good definitions', 'definition search', 'classification model', 'definitional excerpts', 'definition candidates', 'retrieval method', 'regression model']
11638887,precision,0.1,recall,0.25,['results result', 'result diversity', 'result diversification', 'query log', 'random queries', 'search results', 'baseline system', 'model parameters', 'first page', 'disambiguation topics']
4400590,precision,0,recall,0,['colorblind users', 'efficient edge-services'],,,,,,,,
9638439,precision,0,recall,0,['production system', 'suggestion system', 'art production', 'preliminary experiments', 'bidterm suggestion', 'online advertising', 'large-scale bidterm', 'comparable precision', 'ad clickability', 'bidterms consistent']
4358470,precision,0.125,recall,0.25,['data dissemination', 'modeling data', 'replication constraints', 'transient nature', 'explicit mechanisms', 'p2p databases', 'query algebra', 'xml p2p'],,
4295146,precision,0.4,recall,0.666666667,['xml application', 'xvm framework', 'xvm components', 'sample applications', 'xml processing', 'application container', 'xml-based applications', 'behavior xml', 'xml data', 'business applications']
178204,precision,0.1,recall,0.2,['object architecture', 'edge services', 'services architecture', 'edge server', 'object-based edge', 'service system', 'cluster architecture', 'response time', 'server system', 'consistency models']
4311242,precision,0.1,recall,0.25,['proximity measures', 'above measures', 'web pages', 'disjoint anchors', 'bad web', 'web-specific application', 'connectivity structure', 'directed graph', 'different propagation', 'arbitrary node']
10071923,precision,0.2,recall,0.5,['integer programming', 'global constraints', 'global optimization', 'mixed integer', 'close-to-optimal results', 'computation time', 'global qos', 'local constraints', 'qos constraints', 'experimental evaluation']
37588,precision,0,recall,0,['full-text index'],,,,,,,,,
13064442,precision,0.1,recall,0.166666667,['web resource', 'authoritative web', 'indian textbooks', 'versioned authoritative', 'model parameters', 'many textbooks', 'tune set', 'syntactic complexity', 'decision model', 'enrichment candidates']
91574,precision,0.1,recall,0.125,['document text', 'target document', 'web structure', 'web pages', 'descriptive power', 'positive examples', 'entropy loss', 'previous research', 'information source', 'new methods']
11782911,precision,0,recall,0,['adoption dynamics', 'first exposure', 'structural differences', 'hashtag spreads', 'widely-adopted hashtags', 'widely-used hashtags', 'network structure', 'political hashtags', 'multiple exposures', 'different topics']
3713227,precision,0.1,recall,0.166666667,['retrieval model', 'navigation-aided retrieval', 'retrieval paradigm', 'new retrieval', 'conventional retrieval', 'information retrieval', 'text\\/hypertext retrieval', 'retrieval system', 'navigationaided retrieval', 'retrieval users']
9450256,precision,0.2,recall,0.5,['mimicry attacks', 'control-flow analysis', 'static analysis', 'asynchronous requests', 'web application', 'foil mimicry', 'client requests', 'javascript programs', 'widely-used web', 'client behavior']
5935869,precision,0,recall,0,['topic modeling', 'topical communities', 'statistical topic', 'bridges topic', 'network regularization', 'network analysis', 'network structure', 'text mining', 'text collections', 'mining problems']
11052867,precision,0.1,recall,0.333333333,['data sources', 'structured data', 'data principles', 'web data', 'linked data', 'data summaries', 'data repository', 'data typical', 'central data', 'query results']
3763098,precision,0,recall,0,['available web', 'service infrastructure', 'web service', 'coordination services', 'connectivity problems', 'coordination web', 'services due', 'business interactions', 'service autonomy', 'service technology']
3604050,precision,0.1,recall,0.25,['landmark stream', 'data streams', 'stream windows', 'solution yields', 'low error', 'time requirements', 'error rates', 'bloom filters', 'comprehensive set', 'fraud detection']
1244480,precision,0.666666667,recall,0.25,['internet applications', 'efficient representation', 'programming models'],,,,,,,
4610235,precision,0,recall,0,['website topic', 'edge weights', 'topic hierarchy', 'weighted graph', 'real websites', 'weighted directed', 'directed tree', 'spanning tree', 'directed graph', 'shortest-path tree']
72036,precision,0.1,recall,0.25,['wrapper learning', 'website wrappers', 'learning system', 'wrapper management', 'wrapper-learning system', 'management system', 'learning rate', 'flexible learning', 'different representations', 'token-level representations']
14316716,precision,0,recall,0,['rewards such', 'attention rewards', 'quality content', 'participation probability', 'total reward', 'monetary rewards', 'average quality', 'quality choices', 'high quality', 'possible quality']
204586,precision,0.1,recall,0.071428571,['redundant data', 'index data', 'caching techniques', 'web caching', 'traditional web', 'same data', 'advertising content', 'new data', 'techniques index', 'old data']
554346,precision,0.3,recall,0.428571429,['domain characteristics', 'static features', 'static ranking', 'other static', 'beyond pagerank', 'web pages', 'web community', 'learning algorithm', 'pairwise accuracy', 'anchor text']
13060588,precision,0.2,recall,0.5,['trustworthy sources', 'deep-web-scale integration', 'popularity awareness', 'integration system', 'demonstration scenarios', 'source selection', 'sourcerank selects', 'web sources', 'significant step', 'effective source']
10565631,precision,0,recall,0,['rdfs closure', 'clustering algorithm', 'computation time', 'data distribution', 'marvin platform', 'data skew', 'different datasets', 'input data', 'real-world datasets', 'data items']
9589313,precision,0,recall,0,['automated attacks', 'user profiles', 'networking sites', 'user information', 'friendship relationship', 'theft attacks', 'personal user', 'first attack', 'friend request', 'cloning attack']
4266814,precision,0.1,recall,0.25,['interest-based model', 'network traffic', 'experimental results', 'short-range links', 'search technique', 'shortcut-based search', 'information retrieval', 'long-range links', 'efficient search', 'similar shortcut-based']
634472,precision,0.1,recall,0.25,['fa semantics', 'owl fa', 'knowledge base', 'base satisfiability', 'satisfiability problem', 'metamodeling architecture', 'contextual semantics', 'hilog semantics', 'owl dl', 'metamodeling extension']
4358143,precision,0.1,recall,0.25,['graphs pagerank', 'pagerank scores', 'pagerank measure', 'normalized pagerank', 'standard pagerank', 'importance scores', 'computed importance', 'different snapshots', 'importance ranking', 'computable normalization']
4343151,precision,0.1,recall,0.333333333,['page versions', 'user specified', 'consecutive page', 'specified query', 'past pages', 'changeless periods', 'time line', 'past web', 'web resources', 'change detection']
13534577,precision,0.3,recall,0.75,['trend visualisation', 'visualisation system', 'crosslanguage blog', 'trend analysis', 'blog post', 'blog mining', 'correlation coefficient', 'high correlation', 'article corpus', 'different languages']
6713423,precision,0.1,recall,0.25,['space efficiency', 'efficient reachability', 'experimental evaluation', 'graph connectivities', 'various kinds', 'incremental maintenance', 'index size', 'previous work', 'maintenance algorithms', 'graphs recent']
10901561,precision,0,recall,0,['peculiar characteristics', 'data aggregation', 'data mashups', 'embeddable data', 'external services', 'information space', 'aggregation heuristics', 'user application', 'web indexing', 'logic reasoning']
4614551,precision,0,recall,0,['k-means algorithm', 'vector model', 'future work', 'web documents', 'classic algorithm', 'positive results', 'web directories', 'cluster web', 'retrieval performance', 'symbolic objects']
1008874,precision,0,recall,0,['query response', 'response interactions', 'network topology', 'user communities', 'shared interests', 'network application', 'learning scheme', 'random network', 'world network', 'model users']
5664663,precision,0,recall,0,['distinctive queries', 'queries local', 'search queries', 'query logs', 'engine queries', 'general domain', 'same general', 'geographic center', 'natural centers', 'spatial variation']
4469495,precision,0,recall,0,['result pages', 'web pages', 'copyright infringement', 'search result', 'result web', 'experimental result', 'infringement web', 'epci extracts', 'threshold value', 'engine api']
43917,precision,0,recall,0,['edutella query', 'edutella network', 'metadata infrastructure', 'edutella common', 'query service', 'edutella peers', 'project edutella', 'current edutella', 'edutella aware', 'query exchange']
13062121,precision,0.2,recall,0.333333333,['property combinations', 'functional properties', 'object uri', 'frequent property', 'object coreference', 'coreferent uris', 'coreference resolution', 'same object', 'semantically coreferent', 'discriminative property-value']
983936,precision,0.1,recall,0.111111111,['new ads', 'right ads', 'advertising system', 'engine advertising', 'click-through rate', 'click-though rate', 'search engine', 'user satisfaction', 'other means', 'strong impact']
1708355,precision,0.25,recall,0.142857143,['channel representation', 'portable channel', 'service surrogates', 'full service'],,,,,,
3917596,precision,0,recall,0,['indexing overhead', 'popularity statistics', 'statistics such', 'web pages', 'page contents', 'crawl logs', 'web server', 'different url', 'similar content', 'url requests']
7827690,precision,0,recall,0,['month snapshot', 'novel method', 'simple method', 'user-video graph', 'video repository', 'video suggestions', 'personalized video', 'view graph', 'live data', 'preference information']
597001,precision,0,recall,0,['communication models', 'composition scenarios', 'service compositions', 'verification approaches', 'parametric model', 'synchronous communications', 'buffer structures', 'accurate model', 'efficiency reasons', 'web service']
11204787,precision,0,recall,0,['web site', 'archiving web', 'archive coherence', 'http requests', 'such archives', 'http server', 'preliminary experiments', 'entire web', 'subsequent http', 'large web']
13060664,precision,0.2,recall,0.333333333,['temporal semantic', 'semantic relatedness', 'word semantics', 'explicit semantic', 'semantic analysis', 'word relatedness', 'new semantic', 'relatedness model', 'temporal information', 'temporal evidence']
13061601,precision,0,recall,0,['cache policies', 'cache hits', 'cache replacement', 'geographic social', 'social networks', 'multimedia content', 'geographic information', 'proof-of-concept geographic', 'replacement policies', 'social cascades']
13062852,precision,0,recall,0,['audience reactions', 'main actors', 'event descriptions', 'encouraging results', 'nlp techniques', 'known entities'],,,,
488626,precision,0.1,recall,0.25,['query substitutions', 'original query', 'search query', 'new queries', 'queries related', 'query suggestions', 'query expansion', 'query relaxation', 'query drift', 'generating query']
593939,precision,0.1,recall,0.333333333,['result page', 'search result', 'search engine', 'result record', 'html source', 'automatic search', 'web page', 'experimental results', 'metasearch engines', 'html tag']
12102,precision,0.1,recall,0.2,['web service', 'web technologies', 'services technologies', 'semantic web', 'service composition', 'service annotation', 'service discovery', 'wsdl files', 'meteor-s web', 'service interoperation']
534480,precision,0.2,recall,0.333333333,['clustering tags', 'tagging systems', 'current tagging', 'clustering algorithms', 'hierarchical clustering', 'blog entries', 'particular content', 'topical hierarchy', 'focused categorization', 'broad categories']
16381,precision,0,recall,0,['disambiguation algorithm', 'semantic annotation', 'semantic web', 'semtag application', 'automated semantic', 'semantic tagging', 'scale semantic', 'seeker platform', 'ontological disambiguation', 'large-scale data']
10267504,precision,0,recall,0,['user preferences', 'image queries', 'image result', 'click data', 'query logs', 'relevance judgments', 'consensus rankings', 'image-search results', 'mining data', 'non-relevant results']
4265928,precision,0,recall,0,['searchengine estimators', 'wheredocument degrees', 'rao blackwelliza-tion', 'approximateimportance sampling', 'document degrees', 'approximate degrees', 'new estimators', 'situations wheredocument', 'generic method', 'performance improvements']
9933391,precision,0.1,recall,0.2,['gpu-based systems', 'parallel systems', 'system architecture', 'ir systems', 'significant gains', 'prototype gpu-based', 'basic system', 'list intersection', 'query processing', 'significant cost']
62822,precision,0.1,recall,0.142857143,['pages change', 'web pages', 'page length', 'html pages', 'corresponding pages', 'web change', 'change intensity', 'data transformations', 'statistical observations', 'other data']
13060390,precision,0,recall,0,['geographical locations', 'geographical topic', 'modeling geographical', 'different geographical', 'geographical regions', 'different locations', 'geographical distributions', 'national park', 'specialized geographical', 'latent geographical']
864474,precision,0.1,recall,0.25,['browser web', 'webpod prototype', 'webpod virtualization', 'web content', 'persistent web', 'seamless web', 'malicious web', 'linux webpod', 'personalized web', 'checkpoint\\/restart mechanism']
9357379,precision,0.1,recall,0.166666667,['podcast analysis', 'podcast content', 'podcast context', 'podcast preference', 'winning podcasts', 'analysis framework', 'podcred framework', 'data analysis', 'prescriptive standards', 'designation encompassing']
599990,precision,0.375,recall,0.75,['equality queries', 'range queries', 'index structure', 'peer-to-peer index', 'p2p index', 'discovery applications', 'resource discovery', 'fault-tolerant peer-to-peer'],,
9678834,precision,0.1,recall,0.333333333,['network graph', 'human judgment', 'weight values', 'social network', 'network analysis', 'assigned weights', 'recommendation system', 'feature weighting', 'based recommendation', 'content based']
380379,precision,0,recall,0,['product features', 'product manufacturers', 'various product', 'such opinions', 'feature-by-feature comparison', 'consumer opinions', 'above comparison', 'such features', 'opinion observer', 'customer reviews']
6330602,precision,0,recall,0,['image search', 'representative image', 'francisco area', 'san francisco', 'search task', 'location-driven features', 'search results', 'common search', 'representative views', 'visual features']
377638,precision,0.2,recall,0.181818182,['web browsing', 'substantiallyimprove browsing', 'web page', 'browsing experience', 'support vector', 'non-visual web', 'vector machine', 'web access', 'screen-readers process', 'screen-readers tobrowse']
68146,precision,0.3,recall,0.3,['web service', 'message content', 'bpel web', 'xml messages', 'composite web', 'synchronizability results', 'incoming messages', 'verification language', 'input language', 'state model']
4326312,precision,0,recall,0,['reference sequences', 'web documents', 'web pages', 'web traversal', 'important factors', 'new mining', 'important research', 'particular pattern', 'traversal patterns', 'web data']
13023730,precision,0,recall,0,['profile set', 'user privacy', 'user profiles', 'privacy constraint', 'semantic relationships', 'anonymized profiles', 'real data', 'anonymizing user', 'bayes-optimal privacy', 'preliminary experiments']
96472,precision,0,recall,0,['collaborative educational', 'collaboration applications', 'collaboration tool', 'group collaboration', 'internet supporting', 'synchronous collaboration', 'supporting audience', 'educational activities', 'audience interconnection', 'reusable educational']
681261,precision,0,recall,0,['access time', 'anywhere√∂ access', 'aggregate access', 'adaptation mechanism', 'performance characteristics', 'operational environment', 'network environments', 'performance improvements', 'variable environment', 'mechanism attempts']
13061989,precision,0.2,recall,0.285714286,['model relatedness', 'relatedness function', 'unified relatedness', 'experimental results', 'editorial judgments', 'news article', 'news corpus', 'post-click news', 'news recommendation', 'transition smoothness']
9452474,precision,0.3,recall,0.6,['multilingual topics', 'topic modeling', 'universal topics', 'different languages', 'multilingual web', 'wikipedia concept', 'modeling algorithm', 'multilingual knowledge', 'mining multilingual', 'web applications']
13190545,precision,0,recall,0,['approach scales', 'news news', 'memory costs', 'efficient parallel', 'news clustering', 'carlo estimation', 'internet news', 'news articles', 'available tdt', 'available wealth']
4503664,precision,0.222222222,recall,0.4,['heterogeneous systems', 'sws technologies', 'sws environment', 'b2b integrations', 'wsmx sws', 'dynamic b2b', 'semantic web', 'web service', 'rosettanet specifications'],
91646,precision,0.1,recall,0.2,['match categorization', 'subsumption algorithm', 'good correspondence', 'system rankings', 'structural subsumption', 'electronic marketplace', 'neoclassic reasoner', 'general properties', 'principled matchmaking', 'matchmaking facilitator']
4762660,precision,0.1,recall,0.166666667,['quality ratings', 'monitoring mechanism', 'qos monitoring', 'reputation mechanism', 'client feedback', 'service providersand', 'providersand clients', 'service providers', 'novel qos', 'reliable qos']
66974,precision,0.2,recall,0.4,['request scheduling', 'performs overload', 'web server', 'control mechanism', 'method externally', 'request types', 'admission control', 'overload protection', 'requests online', 'software components']
9413558,precision,0.1,recall,0.2,['query logs', 'learning problem', 'markov random', 'real query', 'large query', 'random field', 'search model', 'important problem', 'keyword generation', 'search engine']
812974,precision,0.2,recall,0.4,['topical trustrank', 'spam sites', 'topical information', 'web spam', 'different topics', 'using topicality', 'ranking algorithms', 'large datasets', 'experimental results', 'recent algorithm']
882702,precision,0,recall,0,['policies web', 'injected script', 'embedded policies', 'several browsers', 'script code', 'beep support', 'injection attacks', 'attacks such', 'browser-enforced embedded', 'web site']
13395437,precision,0.3,recall,0.6,['homophily effects', 'network data', 'social networks', 'social influence', 'influence effects', 'attribute values', 'networks dataset', 'relational networks', 'autocorrelated attribute', 'semi-synthetic data']
769309,precision,0.1,recall,0.333333333,['quality model', 'end-to-end quality', 'quality aspects', 'actual quality', 'modeling aspects', 'model suitable', 'multichannel systems', 'multichannel information', 'network technologies', 'multichannel adaptive']
259989,precision,0,recall,0,['case studies', 'interaction interfaces', 'interaction management', 'multimodal interfaces', 'management multimodal', 'web interaction', 'such dialogs', 'such interfaces', 'multiple interaction', 'mixed-initiative dialog']
555734,precision,0.1,recall,0.2,['owl ontologies', 'owl debugging', 'debugging experience', 'debugging cues', 'ontology development', 'hypertextual ontology', 'simple debugging', 'logic reasoner', 'description logic', 'annotea based']
11134938,precision,0,recall,0,['automatic folksonomy', 'folksonomy construction', 'web directory', 'directory project', 'open directory', 'user-specified relations', 'reference taxonomy', 'collection\\/set relations', 'empirical results', 'hierarchical relations']
963138,precision,0.2,recall,0.333333333,['content repurposing', 'object content', 'learning object', 'object components', 'learning content', 'ontology-based learning', 'content models', 'on-the-fly access', 'content aggregation', 'fine-grained components']
10581378,precision,0,recall,0,['network community', 'community quality', 'objective function', 'network cluster', 'community detection', 'approximation algorithms', 'good communities', 'detecting clusters', 'detection algorithms', 'such objective']
39868,precision,0.2,recall,0.333333333,['customizer applications', 'adaptive customizer', 'dynamic customization', 'stream customizers', 'content-based customization', 'wsc architecture', 'middleware architecture', 'communication path', 'wireless clients', 'important design']
4284212,precision,0.1,recall,0.083333333,['matching agreements', 'semantic ws-agreement', 'ws-agreement partner', 'flexible approach', 'matching providers', 'personalized matches', 'manual matching', 'accurate matches', 'user personalized', 'semantic web']
9748009,precision,0.1,recall,0.2,['question recommendation', 'real questions', 'other questions', 'queried question', 'cut model', 'baseline methods', 'good recommendations', 'description length', 'minimum description', 'tree-cutting problems']
10514579,precision,0.2,recall,0.4,['wikipedia vandalism', 'language model', 'vandalism instance', 'wikipedia articles', 'model statistics', 'wikipedia domain', 'vandalism detection', 'learning model', 'statistical language', 'new edit']
11798933,precision,0.3,recall,0.375,['breakpoints breakpoints', 'domain-specific breakpoints', 'page breakpoints', 'css style', 'source fire-bug', 'level source', 'web page', 'firefox web', 'style rule', 'source line']
9598425,precision,0,recall,0,['multilingual news', 'news articles', 'news monitoring', 'analysis system', 'source intelligence', 'different techniques', 'statistical analysis', 'machine learning', 'world wide', 'text mining']
500235,precision,0,recall,0,['network bandwidth', 'space utilization', 'maximal fragments', 'flag fragments', 'detects fragments', 'manual fragmentation', 'disk space', 'bandwidth consumption', 'personalization characteristics', 'practical algorithm']
9466892,precision,0,recall,0,['web residents', 'various levels', 'system vertical', 'computing devices', 'small devices', 'relevant components', 'physical objects', 'vertical structure', 'common physical', 'successful man']
7819090,precision,0.3,recall,0.333333333,['tags photos', 'users tags', 'flickr tag', 'tag recommendation', 'tag characterisation', 'original tagging', 'relevant tags', 'photo annotation', 'photo services', 'online photo']
10074391,precision,0,recall,0,['relevant terms', 'user relevance', 'candidate terms', 'relevance feedback', 'user labeling', 'efficient relevance', 'new terms', 'little user', 'learning problem', 'user effort']
14005258,precision,0.1,recall,0.2,['efficient learning', 'predictive models', 'target concept', 'learning algorithm', 'human search', 'human wayfinding', 'goal-directed human', 'search paths', 'human web-browsing', 'content features']
10924972,precision,0,recall,0,['personalized transition', 'sequential basket', 'mc model', 'mc methods', 'fpmc model', 'transition matrix', 'model parameters', 'transition cube', 'factorization model', 'personalized mc']
3922783,precision,0.1,recall,0.25,['experimental results', 'high quality', 'query propagation', 'path problem', 'relevant peers', 'novel query', 'problem modeling', 'genetic algorithm', 'longest path', 'propagation model']
10461284,precision,0,recall,0,['query manipulation', 'manipulation methods', 'result sets', 'search results', 'search engines', 'different search', 'representative set', 'multi-dimensional scaling', 'search algorithms', 'search strategies']
1217973,precision,1,recall,0.222222222,['interactive video', 'web-based personalization'],,,,,,,,
431669,precision,0,recall,0,['web site', 'site performance', 'web server', 'peak request', 'popular sites', 'sites benefit', 'average request', 'request ratio', 'large web', 'request rate']
13060679,precision,0,recall,0,['ndcg improvement', 'significant ndcg', 'intent hypothesis', 'examination hypothesis', 'user search', 'user clicks', 'search session', 'search intent', 'search results', 'previous works']
4284207,precision,0.5,recall,0.333333333,['web services', 'automatic matchmaking'],,,,,,,,
11788753,precision,0,recall,0,['independent sampling', 'independent uniform', 'facebook network', 'network bucket', 'network structure', 'sampling method', 'independent subgraphs', 'algorithmic framework', 'network applications', 'walk-based sampling']
527600,precision,0.1,recall,0.2,['e-government websites', 'non-hyperlinked content', 'experimental values', 'league tables', 'doc files', 'uk site', 'office sites', 'paths lengths', 'significant differences', 'new method']
5643999,precision,0,recall,0,['search engine', 'engine switches', 'switching searchers', 'search experience', 'user grouping', 'reasonable level', 'different engine', 'incoming searchers', 'web search', 'quality experience']
10048650,precision,0.2,recall,0.4,['application scenario', 'trust management', 'reputation-based trust', 'trust values', 'cache trust', 'trust evaluations', 'realistic application', 'management service', 'high availability', 'reputation management']
9063415,precision,0,recall,0,['prioritization techniques', 'techniques order', 'regression test', 'testing research', 'business applications', 'applications regression', 'order test', 'test case', 'coverage model', 'service-oriented business']
9172289,precision,0.2,recall,0.4,['utility functions', 'online advertising', 'cost-per-action mechanisms', 'identically-distributed random', 'random variables', 'compatible mechanisms', 'learning algorithm', 'sampling-based learning', 'specific action', 'dynamic cost-per-action']
13059932,precision,0.1,recall,0.142857143,['end-to-end framework', 'new framework', 'structured data', 'structured representation', 'information extraction', 'linear program', 'structured numerical', 'commerce search', 'page context', 'attribute values']
293077,precision,0.1,recall,0.166666667,['user profile', 'recommender strategies', 'user interests', 'museum collections', 'specific user', 'different users', 'annotated collection', 'interactive dialog', 'personalized museum', 'museum web']
1142421,precision,0.1,recall,0.1,['web news', 'semantic web', 'web interface', 'news stories', 'web pages', 'broadcast news', 'semantically annotated', 'wide web', 'related web', 'knowledge management']
13059042,precision,0.1,recall,0.25,['entity ranking', 'entity relationship', 'related entities', 'web-scale entity', 'other entities', 'queries entity', 'ranking models', 'relationship graphs', 'user behavior', 'ranking related']
11858468,precision,0,recall,0,['urls short', 'content short', 'website popularity', 'popularity lifetime', 'performance penalty', 'non-negligible performance', 'high popularity', 'measurement sources', 'web usage', 'traditional measurement']
4419686,precision,0.2,recall,0.25,['presentation components', 'component model', 'ui integration', 'application integration', 'runtime middleware', 'composite application', 'abstract component', 'composition model', 'ui development', 'component technologies']
95405,precision,0.2,recall,0.333333333,['web content', 'point-and-click access', 'web browser', 'new content', 'semantic web', 'point-and-click interfaces', 'rdf metadata', 'marries content', 'web site', 'presentation knowledge']
279164,precision,0.666666667,recall,0.4,['internet usability', 'mobile internet', 'improving mobile'],,,,,,,
66979,precision,0.166666667,recall,0.125,['response time', 'control scheme', 'server response', 'admission control', 'predictable server', 'web accesses'],,,,
7176668,precision,0.2,recall,0.4,['joint-inference approach', 'other aspects', 'infobox ontology', 'ontology refinement', 'cleanly-structured ontology', 'other features', 'infobox-class ontology', 'powerful joint-inference', 'rich ontology', 'wikipedia infobox']
4422416,precision,0.1,recall,0.166666667,['web data', 'real web', 'web page', 'web development', 'web site', 'readability assessment', 'textual features', 'textual content', 'readability level', 'bilingual web']
380453,precision,0.1,recall,0.166666667,['data copying', 'unnecessary data', 'api design', 'performance xml', 'xml parsers', 'xml screamer', 'careful attention', 'xml parsing', 'integrated approach', 'high performance']
4185403,precision,0.2,recall,0.666666667,['similarity calculation', 'similarity measurement', 'similarity spreading', 'novel framework', 'experiment results', 'unified framework', 'interrelated objects', 'web search', 'search applications', 'search engine']
3603843,precision,0.2,recall,0.4,['databases dblp', 'database entries', 'citeseer database', 'intuitive explanation', 'entire literature', 'citation databases', 'on-line computer', 'author bias', 'exponential process', 'computer science']
4381793,precision,0.1,recall,0.25,['news affairs', 'news events', 'inside developments', 'content similarity', 'distributional proximity', 'temporal proximity', 'event evolution', 'decaying functions', 'document distributional', 'evolution graph']
9337434,precision,0,recall,0,['scalable approach', 'directory project', 'open directory', 'per-user projection', 'user profiling', 'semantic proxies', 'collaborative aggregation', 'incremental computations', 'tag similarity', 'user-validated semantic']
275063,precision,0,recall,0,['pagerank algorithm', 'carlo algorithm', 'programming algorithm', 'unrestricted personalization', 'previous personalized', 'personalized pagerank', 'real-world data', 'simrank computation', 'previous results', 'scale real-world']
734068,precision,0.1,recall,0.25,['pagerank value', 'analytical methods', 'factor pagerank', 'power method', 'pagerank derivatives', 'latter result', 'analytical behavior', 'maclaurin polynomial', 'iterated computation', 'k-th iteration']
11275613,precision,0.1,recall,0.333333333,['previous methods', 'state-of-the-art methods', 'automatic methods', 'new method', 'similarity measure', 'similarity match', 'tag path', 'record extraction', 'web page', 'path clustering']
10057112,precision,0,recall,0,['spreadsheet data', 'spreadsheet environment', 'spreadsheet presentation', 'spreadsheet cells', 'popular spreadsheet', 'spreadsheet-based mashup', 'develop mashups', 'web mashups', 'mashup patterns', 'sophisticated mashups']
9019192,precision,0.2,recall,0.333333333,['community evolutions', 'meaningful communities', 'traditional approach', 'two-step approach', 'traditional methods', 'temporal evolution', 'network data', 'experimental studies', 'time slice', 'social network']
9524701,precision,0.1,recall,0.25,['friendship links', 'significant information', 'group membership', 'membership information', 'private-profile users', 'user profiles', 'private user', 'social network', 'privacy implications', 'privacy concerns']
3942651,precision,0.1,recall,0.25,['approximate state', 'bloom filters', 'magnitude reduction', 'large memory', 'errors due', 'memory savings', 'memory space', 'memory requirements', 'experimental results', 'cdn simulations']
13059044,precision,0,recall,0,['objective function', 'query logs', 'ambiguous\\/faceted queries', 'results diversification', 'optimal solution', 'search results', 'linear time', 'diversification problem', 'different possible', 'possible interpretations']
4162302,precision,0,recall,0,['school children', 'underprivileged children', 'certain children', 'computer monitors', 'computer applications', 'computer resources', 'such learning', 'in-class computer', 'learning environments', 'learning modules']
4340570,precision,0.1,recall,0.5,['entrieson blogs', 'record extraction', 'loosely-structured records', 'rigidly-structured records', 'adaptive record', 'product descriptions', 'matching metric', 'data extraction', 'extraction patterns', 'tree matching']
1229684,precision,0.2,recall,0.5,['integrity constraints', 'knowledge bases', 'relational databases', 'schema statements', 'databases schema', 'analogous statements', 'ic satisfaction', 'broad range', 'positive queries', 'different types']
13059085,precision,0.3,recall,0.75,['graph compression', 'web graphs', 'compression framework', 'compressing social', 'webgraph compression', 'large graphs', 'millions nodes', 'social networks', 'task decomposition', 'major increase']
5930084,precision,0.1,recall,0.2,['user interests', 'social interests', 'interest topics', 'common interests', 'interest discovery', 'user tags', 'different interest', 'many interesting', 'common user', 'user communities']
9693036,precision,0.1,recall,0.2,['information propagation', 'information dissemination', 'popular photos', 'word-of-mouth exchanges', 'social network', 'networking sites', 'network online', 'massive popularity', 'popular way', 'key questions']
4435465,precision,0.1,recall,0.25,['syndication approach', 'expressive syndication', 'query approach', 'expressive approaches', 'web syndication', 'continuous queries', 'syndication architecture', 'syndication purposes', 'owl knowledge', 'syndication systems']
13063612,precision,0,recall,0,['content quality', 'experimental results', 'segment content', 'main content', 'web page', 'bm25f formulation', 'primary content', 'quality estimates', 'different blocks', 'different functionality']
10563630,precision,0.2,recall,0.4,['earthquake reporting', 'numerous earthquakes', 'detects earthquakes', 'earthquake occurrence', 'twitter users', 'sensors twitter', 'japan meteorological', 'event location', 'real-time event', 'many twitter']
9319344,precision,0.2,recall,0.222222222,['degree distributions', 'social network', 'simple measure', 'networks such', 'kolmogorov-smirnov statistical', 'discussion threads', 'tree representation', 'nesting levels', 'radial tree', 'comment activity']
9035229,precision,0,recall,0,['incremental methods', 'new incremental', 'new method', 'quality improvement', 'significant quality', 'method significantly', 'batch method', 'new batch', 'incremental algorithm', 'quality loss']
14265822,precision,0,recall,0,['storage space', 'substantial advantages', 'favorable scenario', 'theoretical results', 'information retrieval', 'computational advertising', 'unbiased estimator', 'estimating set', 'data management', 'basic theoretical']
4234260,precision,0.1,recall,0.25,['template engines', 'model-view separation', 'separation principle', 'enforce separation', 'strict separation', 'template generational', 'templates analogous', 'separate business', 'restricted templates', 'html template']
32784,precision,0.1,recall,0.2,['graph structure', 'link graph', 'newsgroup posting', 'many newsgroup', 'common interest', 'interesting characteristic', 'mining newsgroups', 'typical newsgroup', 'text yield', 'low accuracy']
503869,precision,0.2,recall,0.222222222,['resource access', 'user requests', 'sctp design', 'several sctp', 'sctp features', 'example scenarios', 'simple experiments', 'http-based network', 'web domains', 'web transport']
51476,precision,0,recall,0,['rdf functionality', 'networks rdf-based', 'networks such', 'advanced functionalities', 'p2p networks', 'metadata schemas', 'schema-based networks', 'frequency counting', 'counting algorithms', 'based networks']
8185170,precision,0,recall,0,['data clustering', 'authorship analysis', 'homogeneous data', 'world data', 'data instances', 'web data', 'scientific publications', 'vector machines', 'experimental results', 'clustering performance']
10278781,precision,0.1,recall,0.083333333,['structure invariants', 'shared objects', 'object views', 'document sharing', 'document object', 'fine-grained sharing', 'document structure', 'javascript objects', 'secure sharing', 'same-origin sharing']
1845167,precision,0.1,recall,0.25,['access statistics', 'improvesthe accessibility', 'present access', 'search modality', 'test deployment', 'single search', 'delivery platforms', 'work improvesthe', 'different delivery', 'gnutella-web gateway']
9919614,precision,0.2,recall,0.2,['twitter users', 'retweeted tweet', 'entire twitter', 'twitter site', 'user participation', 'user profiles', 'original tweet', 'non-power-law follower', 'follower distribution', 'topological characteristics']
84940,precision,0.2,recall,0.666666667,['web graphs', 'webbase graph', 'webgraph framework', 'large web', 'compression techniques', 'limited space', 'various techniques', 'difficult due', 'inner redundancies', 'large size']
6158247,precision,0,recall,0,['baseline algorithms', 'ranking information', 'ranking refinement', 'ranking function', 'information retrieval', 'base ranker', 'additional feature', 'empirical study', 'complementary sources', 'key challenge']
1229683,precision,0.2,recall,0.666666667,['modeling error', 'description graphs', 'structured objects', 'fma ontologies', 'class descriptions', 'connected structures', 'owl representation', 'performance problems', 'swrl-like rules', 'hermit reasoner']
812969,precision,0.1,recall,0.166666667,['spam pages', 'web pages', 'artificially-created pages', 'previously-undescribed techniques', 'certain pages', 'search engines', 'non-spam pages', 'spam web', 'classification algorithms', 'content analysis']
9703157,precision,0,recall,0,['state-of-the-art methods', 'cqa archives', 'training process', 'quality content', 'question answering', 'large amounts', 'cqa sites', 'large scale', 'quality estimation', 'large fraction']
1033807,precision,0.2,recall,0.4,['policy testing', 'control policies', 'various policies', 'specified policies', 'policy developers', 'mutation testing', 'test inputs', 'test generation', 'test outputs', 'manual testing']
11796084,precision,0.2,recall,0.5,['source quality', 'web sources', 'visit probability', 'evaluate sourcerank', 'source selection', 'source corruption', 'stationary visit', 'baseline methods', 'google base', 'relevance evaluations']
101488,precision,0.1,recall,0.5,['settings withdifferent', 'withdifferent partners', 'repository interoperability', 'different settings', 'edusource implementation', 'ims dri', 'edusource project', 'infrastructure andmiddleware', 'searchconnecting edusource', 'digital repository']
11841922,precision,0.1,recall,0.333333333,['learning process', 'rocchio algorithm', 'feedback models', 'feedback query', 'walk model', 'relevant queries', 'query suggestion', 'query logs', 'popular\\/head queries', 'query correlation']
4284206,precision,0,recall,0,['optimal service', 'service configurations', 'service offers', 'service selection', 'optimal results', 'web service', 'service requesters', 'random service', 'optimization methods', 'service attributes']
3911283,precision,0,recall,0,['schedules placement', 'placement algorithm', 'placement changes', 'instance placement', 'configured placement', 'dynamic placement', 'chosen placement', 'application clusters', 'resource demands', 'application instance']
3822664,precision,0.1,recall,0.333333333,['keyword queries', 'large numbers', 'upload queries', 'query subscription', 'efficient query', 'search engines', 'prospective search', 'web search', 'simple keyword', 'other hand']
12003689,precision,0.1,recall,0.333333333,['social network', 'located users', 'social relationships', 'ip-based geolocation', 'facebook social', 'proximity geography', 'social media', 'sparse set', 'location-based services', 'address data']
16387,precision,0.2,recall,0.666666667,['service matchmaking', 'matchmaking prototype', 'service advertisement', 'web services', 'service descriptions', 'services technologies', 'prototype implementation', 'semantic web', 'web technology', 'description logic']
4260406,precision,0.1,recall,0.25,['semantic web', 'semantic relationships', 'web components', 'web pages', 'e-learning portal', 'group knowledge', 'curriculum portal', 'portal platform', 'jetspeed framework', 'navigation paths']
16706,precision,0,recall,0,['web resources', 'virtual web', 'resolution services', 'resolution identifier', 'virtual resources', 'physical hyperlink', 'web form-filling', 'physical entities', 'physical world', 'ubiquitous identifier']
380451,precision,0.1,recall,0.333333333,['document type', 'recursive types', 'type definitions', 'typing mechanism', 'xml schema', 'xml documents', 'schema definitions', 'equivalent formalism', 'schema specification', 'streaming document']
4440031,precision,0.1,recall,0.333333333,['recommendation effects', 'recommender system', 'recommendation services', 'modeling user', 'user behavior', 'user interests', 'user purchase', 'purchase behavior', 'log data', 'online stores']
4447492,precision,0.1,recall,0.333333333,['semantic service', 'p2p service', 'service discovery', 'particular services', 'service request', 'service link', 'service operation', 'meaning results', 'web service', 'p2p networks']
91138,precision,0.1,recall,0.2,['web accessibility', 'view web', 'technical work', 'web content', 'technical conversation', 'narrow confines', 'content developers', 'limited adaptations', 'complementary approach', 'narrow definitions']
7385442,precision,0,recall,0,['language bass', 'web programming', 'programming model', 'ideal programming', 'programming concepts', 'security guarantees', 'web application', 'specific web', 'realistic web', 'web interactions']
4634522,precision,0,recall,0,['experimental evaluations', 'extensive experimental', 'bloom filters', 'xml document', 'xml query', 'xml range', 'summarization techniques', 'dynamic summarization', 'indexing method', 'structure range']
11807460,precision,0,recall,0,['malicious pages', 'analysis techniques', 'large-scale analysis', 'costly analysis', 'analysis tools', 'web page', 'malicious code', 'malicious web', 'malicious content', 'analysis process']
4513151,precision,0.1,recall,0.25,['social annotation', 'large annotation', 'annotation data', 'annotation sets', 'annotation matching', 'annotation browser', 'small annotation', 'scale annotation', 'prototype system', 'promising results']
21580,precision,0.2,recall,0.333333333,['rdf graph', 'rdf recommendations', 'query language', 'second-generation rdf', 'rdf toolkit', 'web api', 'owl reasoning', 'web recommendations', 'rich apis', 'full support']
11277694,precision,0,recall,0,['imdb data', 'network structure', 'data sets', 'state-of-the-art methods', 'attribute information', 'structure information', 'social network', 'node attribute', 'user attributes', 'network growth']
9128408,precision,0.2,recall,0.4,['network community', 'network generation', 'commonly-used network', 'community structure', 'social networks', 'real-world networks', 'network dataset', 'information networks', 'community detection', 'possible communities']
4629357,precision,0.2,recall,0.285714286,['organizational information', 'web documents', 'hypermedia documents', 'frames behavior', 'trellis model', 'complex frame', 'web structures', 'html frames', 'model checker', 'frames source']
10525045,precision,0.1,recall,0.2,['data structure', 'complex data', 'data objects', 'expressive data', 'formally-defined mashup', 'mashup operators', 'end users', 'case studies', 'contextual menu', 'mashup applications']
796357,precision,0.1,recall,0.2,['measurement information', 'network measurement', 'measurement infrastructure', 'remote measurement', 'performance measurements', 'measurement data', 'triggered measurement', 'new measurements', 'scalable fashion', 'passive measurements']
239996,precision,0.1,recall,0.25,['xquery containment', 'xquery semantics', 'containment problem', 'query containment', 'containment mapping', 'dependencies semantic', 'nested xquery', 'semantic caching', 'mapping technique', 'xquery-based semantic']
4336366,precision,0,recall,0,['specification page', 'specification retrieval', 'search engine', 'representative specification', 'james cameron', 'unsupervised method', 'class attributes', 'web page', 'experimental results', 'normal search']
7345863,precision,0.1,recall,0.25,['web development', 'web version', 'web documents', 'web artifacts', 'web objects', 'web engineering', 'web application', 'inter-related web', 'large-scale web', 'good web']
681303,precision,0.2,recall,0.333333333,['similarity search', 'similarity information', 'similarity functions', 'carlo similarity', 'link-based similarity', 'multi-step neighborhoods', 'single-step neighborhoods', 'random fingerprints', 'search algorithms', 'algorithms scalable']
9337801,precision,0.2,recall,0.333333333,['p2p traffic', 'network simulation', 'web traffic', 'internet traffic', 'network management', 'peer-to-peer traffic', 'emulation experiments', 'edge network', 'p2p applications', 'synthetic workloads']
3953179,precision,0,recall,0,['data records', 'data fields', 'web data', 'segment data', 'extracting data', 'individual data', 'data items', 'data items\\/fields', 'structured data', 'multiple data']
11714006,precision,0.1,recall,0.166666667,['web query', 'query language', 'kiwi query', 'query construction', 'example queries', 'visual form', 'visual interface', 'additional software', 'semantic wiki', 'web browser']
13240315,precision,0.2,recall,0.4,['resulting semantics', 'tag semantics', 'semantic development', 'semantic noise', 'emergent semantics', 'semantic structures', 'semantic similarity', 'semantic precision', 'tagging systems', 'collaborative tagging']
4332137,precision,0,recall,0,['increase quality', 'unsupervised approach', 'unstructured p2p', 'p2p web', 'overlay networks', 'p2p systems', 'sowes approach', 'search mechanisms', 'efficient searching', 'web search']
97953,precision,0.1,recall,0.25,['page segmentation', 'web page', 'segmentation method', 'vision-based page', 'segmentation scheme', 'vips algorithm', 'web information', 'web track', 'semantic content', 'semantic level']
9524697,precision,0.1,recall,0.2,['social network', 'network data', 'private information', 'inference attacks', 'such inference', 'on-line social', 'different scenarios', 'data on-line', 'possible sanitization', 'undisclosed private']
309782,precision,0.1,recall,0.166666667,['semantic search', 'search requests', 'search service', 'search capabilities', 'query method', 'keyword-based search', 'complex search', 'dl query', 'formal query', 'ir model']
3801417,precision,0.1,recall,0.166666667,['tagging approach', 'personalized tags', 'annotation tags', 'personalized annotation', 'automatic tagging', 'metadata annotations', 'personalized viewpoint', 'keyword-based classification', 'semantic web', 'such tags']
9920535,precision,0.1,recall,0.25,['ad retrieval', 'ad selection', 'ad context', 'search ad', 'page content', 'landing pages', 'out-of-context methods', 'in-context methods', 'select useful', 'using landing']
86329,precision,0.1,recall,0.333333333,['document versioning', 'file version', 'version history', 'past versions', 'specific version', 'new version', 'assumed versions', 'web documents', 'past document', 'document authors']
10414735,precision,0.2,recall,0.5,['social search', 'search terms', 'faceted search', 'search engine', 'unified approach', 'large-scale experiments', 'social bookmarks', 'effective method', 'unified manner', 'entities such']
7821111,precision,0.4,recall,0.571428571,['networked graphs', 'rdf graphs', 'sparql semantics', 'sparql queries', 'sparql views', 'other graphs', 'sparql rules', 'networked graphss', 'semantic web', 'different computers']
13064535,precision,0.1,recall,0.125,['web search', 'web context', 'spoken web', 'audio content', 'multiple languages', 'different languages', 'audio document', 'content search', 'significant improvement', 'particular audio']
3613072,precision,0.2,recall,0.5,['full-text query', 'complete implementation', 'xquery implementation', 'conformant implementation', 'query results', 'xquery full-text', 'reference implementation', 'full-text search', 'top-k queries', 'all-xquery implementation']
5215473,precision,0.3,recall,0.5,['expressive semantics', 'analysis method', 'semantics flash', 'experiment results', 'link analysis', 'searching flash', 'content-based flash', 'eigenvector-based model', 'search engine', 'low-level features']
5808407,precision,0.2,recall,0.666666667,['dense communities', 'community watch', 'artificial communities', 'representative keywords', 'homogeneous groups', 'scalable algorithm', 'effectiveness increases', 'dense subgraphs', 'web pages', 'watch system']
11628441,precision,0.3,recall,0.5,['unlabeled reviews', 'review quality', 'review text', 'review helpfulness', 'online reviews', 'context information', 'information available', 'social context', 'social networks', 'contextual information']
178963,precision,0.1,recall,0.25,['tag recommendation', 'rankboost algorithm', 'flickr data', 'different modalities', 'multi-modality recommendation', 'ranking features', 'other modalities', 'single modality', 'learning-based multi-modality', 'tag co-occurrence']
9942031,precision,0,recall,0,['optimization problem', 'greedy approach', 'supermodular problem', 'limitation problem', 'prediction algorithm', 'complete data', 'various heuristics', 'inexpensive heuristics', 'greedy method', 'heuristics such']
4095236,precision,0,recall,0,['web development', 'web modeling', 'web interfaces', 'complex web', 'web solutions', 'development process', 'modeling language', 'ria paradigms', 'first step', 'internet applications']
11134936,precision,0,recall,0,['folksonomy learning', 'state-of-the-art folksonomy', 'approach clusters', 'directory project', 'open directory', 'structured metadata', 'reference taxonomy', 'learning method', 'empirical results', 'tag statistics']
4442736,precision,0,recall,0,['favorable performance', 'data sets', 'sigmod data', 'transportation similarity', 'document similarity', 'similarity calculation', 'transportation problem', 'novel approach', 'xml elements', 'xml document']
706774,precision,0,recall,0,['caching technique', 'elegant technique', 'such techniques', 'additional techniques', 'significant memory', 'significant savings', 'cpu power', 'basic approach', 'web access', 'several large']
4030772,precision,0.2,recall,0.4,['web graph', 'web graphical', 'constructpredictive models', 'web pages', 'result quality', 'thelarger web', 'web projections', 'graphical properties', 'predictive models', 'search results']
336149,precision,0,recall,0,['online ontologies', 'indexing ontologies', 'constructing ontologies', 'search engines', 'online libraries', 'merging fragments', 'fresh view', 'such reuse', 'position paper', 'high cost']
7243680,precision,0,recall,0,['process requests', 'assistants process', 'intent request', 'performance parsers', 'request messages', 'processing system', 'machine learning', 'high performance', 'process information', 'labeled corpus']
9090671,precision,0.2,recall,0.666666667,['meta knowledge', 'modeling possibilities', 'original query', 'sparql query', 'rdf data', 'rdf modeling', 'approach re-uses', 'query languages', 'web query', 'different sources']
183,precision,0.2,recall,0.666666667,['networks peer-to-peer', 'p2p networks', 'file-sharing network', 'reputation system', 'trust values', 'eigentrust algorithm', 'global trust', 'reputation management', 'malicious peers', 'unique global']
464366,precision,0.2,recall,0.4,['application data', 'web applications', 'non-replicated systems', 'performance gains', 'data replication', 'performance evaluations', 'significant performance', 'autonomic data', 'autonomic replication', 'data-intensive web']
7718394,precision,0.1,recall,0.25,['application data', 'data store', 'service-oriented data', 'data interdependencies', 'data denormalization', 'database queries', 'data services', 'independent data', 'database workload', 'private data']
7273113,precision,0.3,recall,0.75,['significant preferences', 'previous survey', 'particular search', 'search engine', 'exclusion protocol', 'robots exclusion', 'engine crawler', 'crawler access', 'such biases', 'txt usage']
4363952,precision,0,recall,0,['domain knowledge', 'tractable sub-parts', 'network performance', 'network planning', 'optimization criterion', 'performance constraints', 'such networks', 'wifi network', 'network topology', 'system cost']
251909,precision,0.1,recall,0.25,['web design', 'dante approach', 'design method', 'design process', 'semantic annotation', 'web page', 'semantic knowledge', 'engineering approach', 'web engineering', 'such annotations']
10946910,precision,0.1,recall,0.2,['query processing', 'query bracketing', 'search queries', 'query spelling', 'query segmentation', 'long query', 'language models', 'accuracy indicator', 'accuracy gains', 'language differences']
858389,precision,0.2,recall,0.25,['vulnerable web', 'vulnerable sites', 'security vulnerabilities', 'web sites', 'xss vulnerabilities', 'web security', 'application-level vulnerabilities', 'vulnerability scanner', 'such vulnerabilities', 'web applications']
285729,precision,0.2,recall,0.333333333,['pagerank vector', 'topic-sensitive pagerank', 'search queries', 'pagerank scores', 'single pagerank', 'pagerank algorithm', 'particular topic', 'generic pagerank', 'original pagerank', 'web page']
125048,precision,0.3,recall,0.6,['rdf graphs', 'specific graphs', 'graphs nameable', 'web trust', 'task-specific trust', 'trust policies', 'semantic web', 'trust layer', 'rdf statements', 'many rdf']
13526048,precision,0.1,recall,0.25,['algorithm initrank', 'case studies', 'high effectiveness', 'computing collaboration', 'web documents', 'first web', 'optimization framework', 'google cloud', 'topic initiator', 'algorithms pagerank']
9061374,precision,0.1,recall,0.25,['novel profile', 'abstract process', 'such profiles', 'abstract ws-bpel', 'under-specified abstract', 'behavioral relationship', 'executable processes', 'observable behavior', 'behavioral equivalence', 'ws-bpel processes']
13545447,precision,0.1,recall,0.25,['general framework', 'log data', 'security framework', 'testing results', 'streaming data', 'audit data', 'preliminary testing', 'online clustering', 'online detection', 'http log']
4036152,precision,0,recall,0,['new content', 'new page', 'new contenton', 'new contentis', 'algorithm thatperforms', 'actual algorithms', 'simple algorithm', 'difficult task', 'toyield links', 'historical statistics']
9098177,precision,0.1,recall,0.2,['effective search', 'effective method', 'effective unified', 'effective indexes', 'search efficiency', 'experimental results', 'xml documents', 'experimental study', 'heterogeneous xml', 'search engine']
10633510,precision,0.3,recall,1,['tag ranking', 'tags annotated', 'new tag', 'mining technique', 'association mining', 'document summarization', 'tag-oriented document', 'tag-oriented summarization', 'sparsity problem', 'experimental results']
5170182,precision,0.3,recall,0.75,['index caching', 'memory cache', 'index compression', 'list caching', 'caching policies', 'compression algorithms', 'cache size', 'inverted index', 'list compression', 'performance optimizations']
4001084,precision,0.1,recall,0.25,['user locations', 'mobile users', 'anonymizationand location', 'location updates', 'numerous users', 'anonymityof users', 'themobile users', 'canaccess location', 'current locations', 'mobile systems']
10477594,precision,0.1,recall,0.2,['approximation algorithm', 'determination algorithm', 'determination problem', 'advertising audience', 'approximation factor', 'winner determination', 'vcg-style payments', 'other winners', 'audience preferences', 'other advertisements']
4786762,precision,0,recall,0,['bidding performance', 'budget-constrained bidding', 'bidding algorithms', 'bidding data', 'bidding strategy', 'bidding optimization', 'automatic bidding', 'real bidding', 'performance ratio', 'sniping heuristic']
89015,precision,0.2,recall,0.5,['interactive cyberdrama', 'cyberdrama generation', 'interactive storytelling', 'main novelty', 'digital generation', 'computer-based interactive', 'augmented interactivity', 'interactive entertainment', 'storytelling activities', 'drama generation']
13063481,precision,0,recall,0,['whole dataset', 'data structures', 'similarity search', 'similarity measures', 'space overhead', 'several percent', 'data mining', 'generic similarity', 'certain similarity', 'arbitrary similarity']
823225,precision,0.1,recall,0.166666667,['ontology tools', 'web ontologies', 'reason ontologies', 'ontological inconsistencies', 'plan ontologies', 'ontology languages', 'software engineering', 'engineering techniques', 'type errors', 'modeling capabilities']
4390411,precision,0.1,recall,0.25,['request termination', 'termination scheme', 'long requests', 'request patterns', 'early request', 'short requests', 'incoming requests', 'client request', 'safe termination', 'experimental results']
14316718,precision,0,recall,0,['received contributions', 'own utilities', 'implementing optimal', 'mechanism designer', 'optimal rewards', 'imperfect rankings', 'optimal outcomes', 'symmetric equilibrium', 'actual qualities', 'high reward']
4219664,precision,0.1,recall,0.2,['browser state', 'persistent browser', 'browser cache', 'client-side browser', 'long-term browser', 'browser extensions', 'current browsers', 'track users', 'privacy attacks', 'cooperative privacy']
6009841,precision,0,recall,0,['user navigation', 'faceted browser', 'open information', 'data visualization', 'information spaces', 'user characteristics', 'information retrieval', 'adaptive faceted', 'dynamic facet', 'user base']
10030413,precision,0,recall,0,['community recommendation', 'effective community', 'parallel implementation', 'latent dirichlet', 'orkut communities', 'user latent', 'personalized community', 'latent information', 'recommendation lists', 'latent aspects']
7029529,precision,0.1,recall,0.166666667,['keyword advertisements', 'search advertising', 'advertisers bid', 'engine advertising', 'product categories', 'online advertising', 'different keywords', 'product level', 'multiple product', 'different categories']
11338040,precision,0.1,recall,0.142857143,['sentiment data', 'cross-domain sentiment', 'different domain', 'sentiment classification', 'sentiment classifiers', 'target domain', 'domain-specific words', 'cross-domain data', 'latent space', 'source domain']
11556066,precision,0.4,recall,0.4,['layout problem', 'layout engine', 'webpage layout', 'fast layout', 'significant time', 'new algorithms', 'hardware-driven speedups', 'attribute grammars', 'css selector', 'popular sites']
95980,precision,0.2,recall,0.4,['event-condition-action language', 'xml xml', 'eca rules', 'xml repositories', 'xml setting', 'repository statistics', 'active databases', 'run-time behavior', 'activities such', 'conventional active']
6153556,precision,0.2,recall,0.222222222,['chemical formulae', 'extract chemical', 'index chemical', 'formula search', 'formula extraction', 'classification methods', 'selection method', 'particular chemical', 'different methods', 'query models']
91382,precision,0,recall,0,['claimaker model', 'structured way', 'claimaker system', 'specialist services', 'other contributors', 'graph model', 'semantic structure', 'new claims', 'new ideas', 'new findings']
9123640,precision,0.2,recall,0.333333333,['network system', 'researcher profiles', 'researcher social', 'association search', 'expertise search', 'experimental results', 'above problems', 'social network', 'main features', 'digital libraries']
979879,precision,0.1,recall,0.083333333,['search results', 'relationship search', 'semantic associations', 'association searches', 'search modes', 'semantic web', 'web search', 'information-theoretic techniques', 'search technologies', 'complex relationship']
4610321,precision,0.3,recall,0.5,['semantic web', 'web services', 'real web', 'web technologies', 'xml-based web', 'computation space', 'information space', 'universal computation', 'universal information', 'web ontologies']
4061779,precision,0.1,recall,0.25,['document taxonomies', 'labeled documents', 'hierarchical classification', 'class labels', 'classification methods', 'technique groups', 'similar classes', 'multi-class classification', 'hierarchical structure', 'pre-defined taxonomy']
9630659,precision,0.1,recall,0.5,['optimize-and-dispatch approach', 'programming approach', 'traditional approach', 'user privacy', 'user transitions', 'unique user', 'pay-per-impression advertisements', 'advertising network', 'banner advertising', 'simulation results']
4332212,precision,0.1,recall,0.166666667,['sentiment models', 'topic sentiment', 'sentiment mixture', 'topic models', 'general sentiment', 'sentiment dynamics', 'weblog collections', 'modeling facets', 'topic facets', 'weblog datasets']
11108002,precision,0,recall,0,['quality contributions', 'nash equilibrium', 'elimination mechanism', 'high participation', 'high quality', 'nash equilibria', 'ideal mechanism', 'free-entry nash', 'near-optimal quality', 'quality ugc']
13062406,precision,0.1,recall,0.333333333,['shed light', 'theoretical results', 'dblp data', 'co-authorship graph', 'social network', 'powerful cues', 'natural local', 'affiliation networks', 'short paths', 'recent model']
3311689,precision,0,recall,0,['java foundation', 'foundation classes', 'level components', 'thin-client applications', 'network-centric applications', 'web applications', 'such applications', 'toolkit approach', 'entire application', 'high level']
4535840,precision,0.2,recall,0.5,['final state', 'conversational nature', 'conversation due', 'services service', 'required security', 'web services', 'main approach', 'privacy support', 'access control', 'control policies']
107722,precision,0.666666667,recall,0.25,['web data', 'dynamic web', 'adaptive push-pull'],,,,,,,
4493351,precision,0.1,recall,0.142857143,['photo sets', 'summary set', 'summary algorithm', 'geo-referenced photos', 'initial evaluation', 'geo-referenced photographs', 'generating summaries', 'spatial patterns', 'textual-topical factors', 'large collections']
7839955,precision,0,recall,0,['metadata patterns', 'other domains', 'text terms', 'sharing website', 'tag semantics', 'geo-annotated web', 'flickr tag', 'photo sharing', 'web pages', 'event semantics']
9650811,precision,0.2,recall,0.666666667,['retrieval method', 'probability estimation', 'navigational queries', 'query classification', 'query terms', 'query type', 'informational queries', 'web retrieval', 'document retrieval', 'content-based retrieval']
4376929,precision,0,recall,0,['data set', 'real-world data', 'content information', 'user groups', 'item groups', 'user community', 'item community', 'gaussian distribution', 'item-based cf', 'user-based cf']
4859597,precision,0,recall,0,['model driven', 'specific languages', 'application designer', 'domain specific', 'driven design', 'web applications', 'design philosophy', 'such methods', 'rapid prototyping', 'effective way']
10606830,precision,0,recall,0,['user input', 'privacy wizard', 'real users', 'privacy preferences', 'facebook users', 'privacy settings', 'particular user', 'learning wizard', 'networking privacy', 'detailed privacy']
10631238,precision,0,recall,0,['javascript code', 'malicious javascript', 'malicious code', 'machine-learning techniques', 'signature-based systems', 'normal javascript', 'javascript language', 'detection signatures', 'anomalous javascript', 'established profiles']
11701167,precision,0.2,recall,0.4,['knowledge sites', 'networking sites', 'crawling process', 'homogeneous knowledge', 'focused crawlers', 'analysis tasks', 'data extraction', 'web crawlers', 'first extracts', 'focused tasks']
87487,precision,0.3,recall,0.75,['web service', 'programming language', 'xml programming', 'service specification', 'workload management', 'xml schema', 'xml protocol', 'issues such', 'error handling', 'performance tuning']
3599703,precision,0.1,recall,0.333333333,['adjacency matrix', 'ranking scheme', 'limit pagerank', 'standard preprocessing', 'core component', 'meaningless value', 'meaningful values', 'common belief', 'natural modification', 'markov chain']
73158,precision,0.3,recall,0.6,['semantic relationship', 'semantic web', 'semantic link', 'automatic semantic', 'relationships discovery', 'mining algorithms', 'discovery approach', 'web page', 'link network', 'data mining']
752964,precision,0.2,recall,0.333333333,['recommendation lists', 'recommendation data', 'recommender systems', 'book recommendation', 'individual recommendations', 'personalized recommendation', 'improving recommendation', 'online study', 'topic diversification', 'intra-list similarity']
11418806,precision,0,recall,0,['search queries', 'web search', 'trec queries', 'query intent', 'web track', 'search logs', 'real queries', 'topic descriptions', 'representative topic', 'track judges']
377510,precision,1,recall,0.2,['access control', 'soap e-services'],,,,,,,,
11792499,precision,0,recall,0,['locations such', 'interesting locations', 'location features', 'activity-activity correlations', 'first question', 'factorization method', 'location data', 'matrix factorization', 'various locations', 'places such']
3676187,precision,0.1,recall,0.166666667,['classification performance', 'page classification', 'macro-f1 measurement', 'web-page classification', 'web query', 'web pages', 'experimental results', 'query logs', 'implicitly linked', 'large dataset']
355688,precision,0.3,recall,0.75,['retrieval models', 'information retrieval', 'retrieval performance', 'object retrieval', 'hybrid model', 'language models', 'retrieval features', 'information extraction', 'retrieval context', 'attribute information']
571354,precision,0.333333333,recall,0.166666667,['web-based multimedia', 'generation web-based', 'third generation'],,,,,,,
7111844,precision,0,recall,0,['ad impressions', 'retrieval model', 'model parameter', 'real-world ad', 'ad placement', 'shrinkage estimators', 'individual ads', 'ad network', 'test data', 'regression model']
4644604,precision,0,recall,0,['search users', 'evaluation method', 'evaluation result', 'user logs', 'search engine', 'query topics', 'experimental results', 'web search', 'traditional evaluation', 'chinese search']
11631791,precision,0.1,recall,0.333333333,['web search', 'search engine', 'google web', 'substantial evidence', 'result summary', 'attractive summaries', 'presentation bias', 'result attractiveness', 'bias effects', 'systematic biases']
92127,precision,0.2,recall,0.133333333,['logic programs', 'rule kr', 'description logic', 'dlp fragment', 'first-order logic', 'expressive fragment', 'dl ontological', 'horn logic', 'ruleml logic', 'ontological definitions']
11850677,precision,0.2,recall,0.5,['image re-ranking', 'image rankers', 'bing image', 'user queries', 'image search', 'tail queries', 'query-dependent image', 'similar images', 'textual queries', 'ambiguous queries']
5125677,precision,0,recall,0,['computational overhead', 'computational savings', 'substantial computational', 'service parameters', 'web service', 'service level', 'changed information', 'service providers', 'service expiration', 'pre-defined service']
4436943,precision,0,recall,0,['experimental results', 'promising experimental', 'subgroup discovery', 'first-order focused', 'sufficient support', 'interesting features', 'relational rules', 'discovery technique', 'classification rules', 'focused crawler']
11876537,precision,0,recall,0,['prefetching engine', 'end users', 'client-side prefetching', 'proxy-based techniques', 'innovative techniques', 'internal network', 'cached page', 'video content', 'technical expertise', 'network settings']
4688448,precision,0,recall,0,['adaptive crawlers', 'harvest rates', 'web pages', 'frameworkwhereby crawlers', 'significant gains', 'leadsto significant', 'setup andtuning', 'manual setup', 'real web', 'new adaptive']
638237,precision,0.666666667,recall,0.666666667,['similarity queries', 'answering similarity', 'peer-to-peer networks'],,,,,,,
7834486,precision,0.2,recall,0.333333333,['ip anycast', 'load-aware anycast', 'anycast cdn', 'anycast mechanism', 'anycast features', 'practical algorithms', 'assignment problem', 'anycast cdns', 'generalized assignment', 'load-aware ip']
13060669,precision,0,recall,0,['twitter relationships', 'network edges', 'twitter celebrities', 'network snapshots', 'real-world events', 'social network', 'network growth', 'user account', 'large number', 'large subset']
13063697,precision,0.2,recall,0.666666667,['evaluation time', 'big portions', 'sparql query', 'magnitude improvements', 'search space', 'empty results', 'conjunctive query', 'empty rewritings', 'native query', 'equivalent queries']
13109,precision,0,recall,0,['page adaptation', 'page structure', 'web page', 'adaptation scheme', 'small-form-factor device', 'adaptation technique', 'adaptive viewing', 'mobile devices', 'factor devices', 'small screen']
1227358,precision,0.1,recall,0.142857143,['hypermedia prototype', 'hypermedia structures', 'open hypermedia', 'fluid annotations', 'hypermedia application', 'various web', 'web pages', 'fluid open', 'web standards', 'recently-developed fluid']
3944939,precision,0,recall,0,['medical information', 'medical search', 'specialized medical', 'medical web', 'medical terminology', 'medical phrases', 'related medical', 'search results', 'specialized search', 'information searcher']
8158094,precision,0.1,recall,0.25,['libraries figures', 'categorize figures', 'data values', 'line curves', 'solid line', 'image features', 'experimental evaluation', 'library users', 'automated algorithm', 'predefined types']
1059530,precision,0.2,recall,0.333333333,['student knowledge', 'student learning', 'assistment system', 'assessment data', 'data analysis', 'e-assistment system', 'e-assessment system', 'separate paper', 'longitudinal data', 'analysis techniques']
825450,precision,0.2,recall,0.2,['biological ontology', 'ontology schemas', 'ontologies high', 'complex ontologies', 'experimental domain', 'glycoproteomics experimental', 'glycoproteomics data', 'biological relationships', 'use case', 'instance base']
102635,precision,0.25,recall,0.25,['intelligent crawling', 'world wide', 'arbitrary predicates', 'wide web'],,,,,,
4587855,precision,0.1,recall,0.25,['online communities', 'active communities', 'online forums', 'discussion forums', 'virtual communities', 'active participation', 'active contributions', 'open university', 'main hypothesis', 'cultural capital']
285980,precision,1,recall,0.2,['active learning'],,,,,,,,,
11820997,precision,0.333333333,recall,0.25,['video sharing', 'web-based video', 'sharing workloads'],,,,,,,
9848499,precision,0.1,recall,0.333333333,['user-related data', 'user-related information', 'such techniques', 'data gathering', 'privacy diffusion', 'protection techniques', 'third-party aggregators', 'gathering aggregation', 'significant limitations', 'such diffusion']
11848994,precision,0.1,recall,0.25,['case study', 'mining method', 'various domains', 'web structure', 'structure mining', 'entity-page discovery', 'web graph', 'faculty member', 'web site', 'parallel paths']
40426,precision,0.1,recall,0.25,['pagerank algorithm', 'extrapolation methods', 'pagerank computations', 'nonprincipal eigenvectors', 'web graph', 'fast methods', 'power method', 'markov matrix', 'principal eigenvector', 'dominant eigenvector']
4539766,precision,0.1,recall,0.2,['tree structure', 'frequent tree', 'data structure', 'depth-first-search manner', 'tree patterns', 'numeration approach', 'effective summary', 'xml data', 'summary data', 'query tree']
13526913,precision,0.1,recall,0.2,['javascript engine', 'javascript interactions', 'co-browsing solution', 'ui events', 'other approach', 'dom level', 'co-browsing dynamic', 'interactive web', 'research demonstrator', 'dom tree']
13062191,precision,0.2,recall,0.666666667,['query recommendation', 'query templates', 'long-tail queries', 'query assistance', 'particular query', 'query flow', 'individual query', 'rare query', 'query transitions', 'evaluation methodology']
13064296,precision,0.2,recall,0.4,['context information', 'communication platforms', 'significant insights', 'information spreading', 'information flow', 'forward information', 'organizational context', 'predictive models', 'distinct datasets', 'people forward']
4750029,precision,0,recall,0,['powerrank algorithm', 'powerrank web', 'pagerank algorithm', 'web page', 'analysis algorithm', 'experimental results', 'web link', 'web graph', 'top web', 'second part']
9944113,precision,0.1,recall,0.333333333,['graph models', 'measurement-calibrated graph', 'graph metrics', 'graph datasets', 'social graphs', 'graph properties', 'synthetic graphs', 'real graph', 'current graph', 'original graph']
10119,precision,0.3,recall,0.375,['web services', 'composite services', 'services tasks', 'service descriptions', 'service simulation', 'service developers', 'semantic web', 'various web', 'daml-s composite', 'manual web']
740593,precision,0.1,recall,0.2,['web navigation', 'web pages', 'cases people', 'within-page navigation', 'non-scrolling web', 'navigation actions', 'important navigation', 'navigation actions√∂', 'navigation element', 'client-side web']
,,0.117183007,#DIV/0!,0.21511527,,,,,,,,,,
