4983102,precision,0.2,recall,0.25,['robots rules', 'web robots', 'ethical robots', 'robot activities', 'robots exclusion']
11485543,precision,0.2,recall,0.3333333333333333,['web search', 'search task', 'search problems', 'semantic search', 'search engines']
7461370,precision,0.0,recall,0.0,['download rate', 'average download', 'connection requests', 'single-server implementation', 'billion pages']
10272014,precision,0.0,recall,0.0,['forum pages', 'post pages', 'object pages', 'complex page', 'individual page']
9331037,precision,0.2,recall,0.16666666666666666,['keywords-retrieval component', 'identity-based component', 'information retrieval', 'information extraction', 'positive rate']
1225527,precision,0.0,recall,0.0,['xml data', 'xml representation', 'xml search', 'xml documents', 'standard xml']
10950133,precision,0.2,recall,0.16666666666666666,['cross-site scripting', 'scripting flaws', 'filters cross-site', 'filter design', 'client-side filters']
9934456,precision,0.0,recall,0.0,['xml schema', 'xml type', 'xml documents', 'various xml', 'type definition']
4590503,precision,0.0,recall,0.0,['web forms', 'form features', 'web data', 'online databases', 'classifying online']
4484921,precision,0.0,recall,0.0,['law distribution', 'particular tags', 'tagging systems', 'stable distribution', 'collaborative tagging']
11570239,precision,0.4,recall,0.3333333333333333,['linked data', 'link problem', 'broken link', 'structured linked', 'such links']
9614136,precision,0.2,recall,0.25,['image search', 'image-ranking problem', 'visual similarity', 'product image', 'google image']
583335,precision,0.4,recall,0.5,['handheld devices', 'mobile devices', 'document summarization', 'web wireless', 'limited screen']
7728513,precision,0.4,recall,0.5,['topical information', 'information retrieval', 'annotation data', 'language models', 'social annotation']
680590,precision,0.0,recall,0.0,['fragment quotation', 'summarizing email', 'conversation summarization', 'second novelty', 'email conversation']
11708130,precision,0.0,recall,0.0,['folksonomy algorithms', 'different folksonomy', 'navigational tasks', 'navigating social', 'evaluating folksonomies']
3894952,precision,0.0,recall,0.0,['spam pages', 'spam double-funnel', 'spam doorway', 'redirection spam', 'spam links']
11394824,precision,0.0,recall,0.0,['friends-of-friends relationships', 'email features', 'large number', 'new contacts', 'advanced email']
21587,precision,0.0,recall,0.0,['rdf graph', 'readable rdf\\/xml', 'rdf\\/xml document', 'unparsing rdf\\/xml', 'grammar rule']
690695,precision,0.2,recall,0.3333333333333333,['search repository', 'engine repository', 'web page', 'search engine', 'schedule web']
10389546,precision,0.0,recall,0.0,['caching toolkit', 'template caching', 'database caching', 'caching approach', 'client-side template']
589031,precision,0.0,recall,0.0,['driven data', 'legacy data', 'data upgrade', 'mapping language', 'mapping descriptions']
1495443,precision,0.0,recall,0.0,['communication design', 'xml schema', 'electronic negotiations']
10582584,precision,0.0,recall,0.0,['dispute finder', 'disputed claims', 'known disputed', 'claim database', 'various design']
3611227,precision,0.2,recall,0.3333333333333333,['similarity indexes', 'high-dimensional data', 'text data', 'data distributions', 'indexing high-dimensional']
677475,precision,0.0,recall,0.0,['documents approach', 'matching approaches', 'document similarity', 'graph structure', 'similarity-based approaches']
10178588,precision,0.0,recall,0.0,['domain examples', 'domain transfer', 'space domain', 'related domains', 'different domain']
704848,precision,0.0,recall,0.0,['nomadic learning', 'ebag infrastructure', 'web infrastructure', 'generic infrastructure', 'school kids']
334718,precision,0.4,recall,0.3333333333333333,['soft patterns', 'text patterns', 'matching patterns', 'pattern generation', 'definition generation']
10460577,precision,0.2,recall,0.14285714285714285,['temporal information', 'related information', 'mining information', 'duration times', 'tourist sites']
10023569,precision,0.2,recall,0.5,['front-end service', 'other services', 'multiple services', 'performance objectives', 'multi-service application']
13059029,precision,0.2,recall,0.16666666666666666,['background knowledge', 'finer resolution', 'topic evolution', 'topological restriction', 'rich topology']
696215,precision,0.0,recall,0.0,['multimedia web', 'multimedia objects', 'multimedia pagerank', 'other multimedia', 'web objects']
825446,precision,0.0,recall,0.0,['grid resources', 'information grid', 'grid framework', 'final goal', 'smooth continuum']
3766621,precision,0.2,recall,0.2,['query similarity', 'search queries', 'click-through data', 'time-dependent query', 'log data']
13064160,precision,0.2,recall,0.2,['state-of-the-art word', 'word synchronous', 'word breaking', 'url word', 'efficient implementation']
13061804,precision,0.2,recall,0.25,['transformation model', 'generative model', 'n-gram transformation', 'correction pairs', 'channel transformation']
310161,precision,0.4,recall,0.6666666666666666,['services composition', 'web services', 'new services', 'prototype service', 'service capabilities']
10844303,precision,0.0,recall,0.0,['user query', 'search query', 'user search', 'clustering query', 'engine queries']
9940239,precision,0.0,recall,0.0,['new algorithm', 'learning algorithm', 'article recommendation', 'news articles', 'bandit algorithm']
3598588,precision,0.0,recall,0.0,['internet search', 'evaluation purposes', 'search engine', 'engine developments', 'such purposes']
4644622,precision,0.4,recall,0.14285714285714285,['networking software', 'technology usage', 'social networking', 'social software', 'usage patterns']
62825,precision,0.0,recall,0.0,['pages change', 'web pages', 'dynamic changes', 'queries continuous', 'change characteristics']
54303,precision,0.0,recall,0.0,['modeling activities', 'human activities', 'day-to-day activity', 'activity recognition', 'labeled activities']
9629719,precision,0.0,recall,0.0,['search results', 'web search', 'matching queries', 'search systems', 'query time']
4530378,precision,0.0,recall,0.0,['web content', 'map interface', 'hyperlink architecture', 'client-server architecture', 'system integration']
494956,precision,0.0,recall,0.0,['news articles', 'ranks news', 'news sources', 'academic news', 'news information']
13064730,precision,0.0,recall,0.0,['synchronizable services', 'services interact', 'synchronizability problem', 'such systems', 'synchronizability choreography']
10464296,precision,0.0,recall,0.0,['wiki systems', 'wiki wikis', 'dtwiki system', 'wiki data', 'centralized wiki']
280273,precision,0,recall,0.0,[]
1168781,precision,0.0,recall,0.0,['mobile applications', 'computing applications', 'cam applications', 'cam-based applications', 'mobile software']
3884003,precision,0.4,recall,0.4,['aggregation queries', 'data aggregator', 'continuous aggregation', 'aggregation function', 'client query']
10524156,precision,0.2,recall,0.2,['mashup navigation', 'navigation system', 'data apis', 'semantic-based mashup', 'build mashups']
11034828,precision,0.2,recall,0.25,['tag suggestion', 'tag recurrence', 'social tagging', 'suggestion techniques', 'recurrence dynamics']
9900214,precision,0.0,recall,0.0,['task-infused text', 'text snippet', 'task models', 'personalized search', 'exploration searches']
10795381,precision,0.0,recall,0.0,['interface discovery', 'faceted interfaces', 'wikipedia articles', 'ranking interfaces', 'articles resulting']
1194809,precision,0.2,recall,0.16666666666666666,['user study', 'user evaluation', 'specific user', 'back navigation', 'navigation activities']
611826,precision,0.0,recall,0.0,['edge caching\\/offloading', 'edge resources', 'resources such', 'such content', 'considerations such']
13778833,precision,0.0,recall,0.0,['harvest rate', 'crawl accuracy', 'classification accuracy', 'crawl scalability', 'web pages']
10599039,precision,0.0,recall,0.0,['content ownership', 'privacy management', 'privacy settings', 'privacy policies', 'privacy preferences']
4499757,precision,0.0,recall,0.0,['learning methods', 'machine learning', 'new method', 'different graphs', 'basic machine']
506497,precision,0.2,recall,0.14285714285714285,['semantic community', 'generative models', 'network analysis', 'social network', 'probabilistic modeling']
3606160,precision,0.0,recall,0.0,['data sources', 'data items', 'dynamic data', 'web data', 'data aggregators']
11227602,precision,0.2,recall,0.2,['social networks', 'networks previous', 'modeling relationship', 'relationship strengths', 'link weights']
399111,precision,0.6,recall,0.2727272727272727,['web application', 'semantic web', 'social network', 'scientific papers', 'semantic associations']
4411833,precision,0.2,recall,0.1111111111111111,['web pages', 'content-full page', 'same page', 'content extraction', 'clean content-full']
13505677,precision,0.2,recall,0.2,['feature learning', 'reinforcement learning', 'content-based similarities', 'node similarity', 'information network']
9324907,precision,0.0,recall,0.0,['navigational shortcuts', 'navigational query', 'website homepage', 'results quicklinks', 'quicklink selection']
300908,precision,0.6666666666666666,recall,0.2,['scalable vector', 'vector graphics', 'constraint extension']
13530223,precision,0.0,recall,0.0,['further evaluation', 'evaluation techniques', 'future research', 'life events', 'euclidean-based distance']
4620314,precision,0.2,recall,0.25,['web page', 'web image', 'automatic web', 'web sites', 'mobile web']
9919962,precision,0.0,recall,0.0,['signed links', 'social network', 'online social', 'online settings', 'negative links']
3781026,precision,0.0,recall,0.0,['search queries', 'respective information', 'such queries', 'relevant information', 'new optimization']
70733,precision,0.0,recall,0.0,['mobile systems', 'map adaptation']
5208196,precision,0.0,recall,0.0,['search results', 'user profiles', 'higher-level user', 'search quality', 'search engines']
1021018,precision,0.2,recall,0.5,['search interaction', 'users search', 'search behaviors', 'web search', 'interaction behavior']
13061707,precision,0.0,recall,0.0,['information credibility', 'twitter postings', 'microblog postings', 'automatic methods', 'microblogging service']
4339859,precision,0.0,recall,0.0,['cf approach', 'overlay network', 'sparsity problem', 'autonomous agents', 'centralized cf']
4606619,precision,0.0,recall,0.0,['query selectiveness', 'ranking techniques', 'search query', 'ranking methods', 'file feature']
9899579,precision,0.0,recall,0.0,['security attacks', 'browser-based attacks', 'browser-based security', 'secure technique', 'insecure javascript']
254899,precision,0.4,recall,0.25,['application vulnerabilities', 'unknown vulnerabilities', 'exploitable vulnerabilities', 'web application', 'application security']
69736,precision,0.2,recall,0.16666666666666666,['ontology glue', 'ontology mapping', 'learning techniques', 'web ontologies', 'other ontology']
9096332,precision,0.0,recall,0.0,['efficient algorithms', 'previous algorithms', 'efficient similarity', 'computing similarity', 'similarity values']
9228586,precision,0.2,recall,0.2,['relational objects', 'learning problem', 'new learning', 'learning technology', 'novel learning']
13061595,precision,0.0,recall,0.0,['search query', 'logs query', 'search logs', 'web search', 'search engine']
4478865,precision,0.2,recall,0.16666666666666666,['automatic clustering', 'comparative contents', 'comparative pages', 'comparative web', 'comparative information']
650974,precision,0.0,recall,0.0,['sites users', 'web sites', 'such sites', 'popular sites', 'such content']
10525233,precision,0.0,recall,0.0,['web applications', 'web authentication', 'authentication protocol', 'recent web', 'many features']
341457,precision,0.0,recall,0.0,['the algorithm', 'consistency constraints', 'protocol constraints', 'signature constraints', 'propositional constraints']
4335483,precision,0.0,recall,0.0,['schema documents', 'xml schemas', 'standard xml', 'extensible schema', 'xml technologies']
886716,precision,0.4,recall,0.4,['web sites', 'web data', 'web search', 'web retrieval', 'query processing']
1084549,precision,0.0,recall,0.0,['unicast connections', 'unicast service', 'key technical', 'client-server unicast', 'peer-to-peer patching']
10814222,precision,0.0,recall,0.0,['privacy risks', 'network data', 'social network', 'network instances', 'privacy loss']
54487,precision,0.0,recall,0.0,['ontologies modeling', 'well-known ontologies', 'ontology changes', 'many ontologies', 'new ontologies']
9098176,precision,0.0,recall,0.0,['search efficiency', 'proximity search', 'xml documents', 'high search', 'keyword proximity']
1029161,precision,0.0,recall,0.0,['attribute names', 'hattribute name', 'automatic data', 'partial correspondences', 'data extraction']
4221270,precision,0.0,recall,0.0,['advertising keywords', 'web pages', 'potential keyword', 'new keywords', 'unseen pages']
6746528,precision,0.0,recall,0.0,['yahoo answers', 'answer characteristics', 'particular answer', 'answer ratings', 'something yahoo']
598819,precision,0.0,recall,0.0,['site graph', 'graph restructuring', 'or\\/and site', 'site maintainer', 'large access']
259993,precision,0.6,recall,0.5,['content dynamic', 'management services', 'information management', 'web content', 'dynamic web']
9947418,precision,0.2,recall,0.25,['web application', 'application-specific security', 'security review', 'application components', 'security properties']
3951262,precision,0.2,recall,0.25,['information richness', 'information retrieval', 'representative documents', 'search results', 'web search']
9605532,precision,0.2,recall,0.2,['semi-supervised topic', 'topic models', 'user opinions', 'opinion integration', 'different topics']
9415986,precision,0.2,recall,0.14285714285714285,['review helpful', 'amazon.com helpfulness', 'opinion evaluation', 'modeling opinion', 'following review']
9392629,precision,0.4,recall,0.4,['information space', 'personal space', 'personal information', 'web studies', 'space extension']
1833006,precision,0.2,recall,0.2,['application server', 'hypercube sampling', 'server configuration', 'random sampling', 'importance sampling']
4281337,precision,0.2,recall,0.16666666666666666,['text documents', 'learning large-scale', 'informative documents', 'text categorization', 'learning algorithm']
4382315,precision,0.2,recall,0.25,['focused crawlers', 'japanese universities', 'data sets', 'decision tree', 'real data']
11639816,precision,0.0,recall,0.0,['session model', 'listening sessions', 'taste model', 'media user', 'other models']
375779,precision,0.0,recall,0.0,['retrieval method', 'definition candidates', 'definition search', 'definition ranking', 'definitional excerpts']
11638887,precision,0.2,recall,0.25,['results result', 'result diversity', 'search results', 'result diversification', 'web search']
4400590,precision,0.0,recall,0.0,['colorblind users', 'efficient edge-services']
9638439,precision,0.0,recall,0.0,['ad clickability', 'ad matching', 'large-scale bidterm', 'additional bidterms', 'bidterm suggestion']
4358470,precision,0.2,recall,0.25,['query algebra', 'p2p databases', 'xml p2p', 'explicit mechanisms', 'modeling data']
4295146,precision,0.4,recall,0.3333333333333333,['xml data', 'xml applications', 'xml processing', 'behavior xml', 'server-side xml']
178204,precision,0.2,recall,0.2,['edge service', 'services architecture', 'service system', 'object architecture', 'edge server']
4311242,precision,0.0,recall,0.0,['proximity measures', 'directed graph', 'above measures', 'web-specific application', 'arbitrary node']
10071923,precision,0.2,recall,0.25,['service compositions', 'web service', 'component services', 'qos-aware service', 'global optimization']
37588,precision,0.0,recall,0.0,['full-text index']
13064442,precision,0.0,recall,0.0,['syntactic complexity', 'web resource', 'model parameters', 'authoritative web', 'decision model']
91574,precision,0.2,recall,0.125,['web pages', 'web structure', 'document text', 'target document', 'descriptive power']
11782911,precision,0.2,recall,0.25,['twitter users', 'information spread', 'hashtags spread', 'information diffusion', 'different topics']
3713227,precision,0.0,recall,0.0,['retrieval paradigm', 'information retrieval', 'navigation-aided retrieval', 'retrieval model', 'conventional retrieval']
9450256,precision,0.2,recall,0.25,['control-flow analysis', 'static analysis', 'javascript programs', 'client behavior', 'web application']
5935869,precision,0.2,recall,0.25,['topic models', 'network regularization', 'network structure', 'network analysis', 'graph-based regularizer']
11052867,precision,0.2,recall,0.3333333333333333,['data sources', 'structured data', 'web data', 'linked data', 'data summaries']
3763098,precision,0.2,recall,0.2,['web service', 'service infrastructure', 'coordination services', 'business interactions', 'available web']
3604050,precision,0.2,recall,0.25,['data streams', 'bloom filters', 'landmark stream', 'stream windows', 'solution yields']
1244480,precision,0.0,recall,0.0,['efficient representation', 'internet applications', 'programming models']
4610235,precision,0.0,recall,0.0,['web pages', 'edge weights', 'website topic', 'weighted directed', 'weighted graph']
72036,precision,0.0,recall,0.0,['learning system', 'wrapper learning', 'wrapper-learning system', 'text asm', 'management system']
14316716,precision,0.0,recall,0.0,['quality content', 'high quality', 'quality choices', 'average quality', 'possible quality']
204586,precision,0.0,recall,0.0,['web caching', 'traditional web', 'caching techniques', 'value-based web', 'techniques index']
554346,precision,0.2,recall,0.14285714285714285,['static features', 'beyond pagerank', 'web pages', 'static ranking', 'web community']
13060588,precision,0.2,recall,0.25,['trustworthy sources', 'integration system', 'web sources', 'source selection', 'effective source']
10565631,precision,0.0,recall,0.0,['data distribution', 'data skew', 'web data', 'input data', 'data items']
9589313,precision,0.0,recall,0.0,['user profiles', 'user information', 'automated attacks', 'personal user', 'theft attacks']
4266814,precision,0.2,recall,0.25,['network traffic', 'interest-based model', 'experimental results', 'information retrieval', 'semantic overlay']
634472,precision,0.0,recall,0.0,['metamodeling architecture', 'owl fa', 'fa semantics', 'metamodeling extension', 'owl dl']
4358143,precision,0.0,recall,0.0,['graphs pagerank', 'pagerank measure', 'pagerank scores', 'standard pagerank', 'normalized pagerank']
4343151,precision,0.2,recall,0.3333333333333333,['past web', 'past pages', 'web resources', 'consecutive page', 'multiple past']
13534577,precision,0.4,recall,0.5,['blog mining', 'trend visualisation', 'share knowledge', 'crosslanguage blog', 'trend analysis']
6713423,precision,0.0,recall,0.0,['space efficiency', 'experimental evaluation', 'efficient reachability', 'graph connectivities', 'previous work']
10901561,precision,0.0,recall,0.0,['responsive user', 'user application', 'user interaction', 'holistic approach', 'end user']
4614551,precision,0.2,recall,0.25,['documents web', 'web clustering', 'vector model', 'web directories', 'k-means algorithm']
1008874,precision,0.2,recall,0.2,['network topology', 'world network', 'random network', 'network application', 'small world']
5664663,precision,0.0,recall,0.0,['distinctive queries', 'search queries', 'queries local', 'engine queries', 'query logs']
4469495,precision,0.0,recall,0.0,['epci extracts', 'following way', 'copyright infringement', 'result pages', 'result web']
43917,precision,0.0,recall,0.0,['edutella query', 'metadata infrastructure', 'query service', 'query exchange', 'rdf metadata']
13062121,precision,0.2,recall,0.16666666666666666,['object uri', 'object coreference', 'coreference resolution', 'property combinations', 'self-training approach']
983936,precision,0.0,recall,0.0,['new ads', 'right ads', 'engine advertising', 'user satisfaction', 'advertising system']
1708355,precision,0.0,recall,0.0,['service surrogates', 'full service', 'portable channel', 'channel representation']
3917596,precision,0.0,recall,0.0,['page contents', 'web pages', 'similar content', 'same page', 'different url']
7827690,precision,0.0,recall,0.0,['video repository', 'video suggestions', 'personalized video', 'user-video graph', 'view graph']
597001,precision,0.4,recall,0.4,['service compositions', 'communication model', 'web service', 'verification approaches', 'synchronous communication']
11204787,precision,0.4,recall,0.5,['web archiving', 'data quality', 'web site', 'archive coherence', 'such archives']
13060664,precision,0.4,recall,0.3333333333333333,['word semantics', 'word relatedness', 'words such', 'semantic relatedness', 'temporal semantic']
13061601,precision,0.2,recall,0.25,['geographic social', 'multimedia content', 'geographic model', 'content delivery', 'proof-of-concept geographic']
13062852,precision,0.0,recall,0.0,['event descriptions', 'known entities', 'audience reactions', 'nlp techniques', 'main actors']
488626,precision,0.2,recall,0.25,['query substitution', 'original queries', 'new queries', 'search query', 'queries related']
593939,precision,0.0,recall,0.0,['result page', 'search result', 'web page', 'search engines', 'experimental results']
12102,precision,0.4,recall,0.4,['wsdl files', 'web service', 'service annotation', 'relevant ontologies', 'semantic web']
534480,precision,0.2,recall,0.16666666666666666,['clustering tags', 'tagging systems', 'current tagging', 'clustering algorithms', 'hierarchical clustering']
16381,precision,0.2,recall,0.16666666666666666,['semantic annotation', 'semantic web', 'semantic tags', 'scale semantic', 'automated semantic']
10267504,precision,0.0,recall,0.0,['learning consensus', 'learning systems', 'user preferences', 'click data', 'mining data']
4265928,precision,0.4,recall,0.5,['corpus size', 'search engine', 'engine measurements', 'efficient search', 'index freshness']
9933391,precision,0.2,recall,0.2,['data sizes', 'query processing', 'domains such', 'such engines', 'scientific computing']
62822,precision,0.2,recall,0.14285714285714285,['web pages', 'pages change', 'corresponding pages', 'web change', 'html pages']
13060390,precision,0.0,recall,0.0,['modeling topics', 'modeling geographical', 'location-driven model', 'text-driven model', 'joint model']
864474,precision,0.2,recall,0.25,['internet-enabled device', 'storage device', 'portable storage', 'webpod virtualization', 'webpod prototype']
9357379,precision,0.0,recall,0.0,['podcast analysis', 'podcast preference', 'podcast content', 'podcast context', 'winning podcasts']
599990,precision,0.2,recall,0.25,['range queries', 'equality queries', 'index structure', 'p2p index', 'peer-to-peer index']
9678834,precision,0.0,recall,0.0,['weight values', 'assigned weights', 'feature weighting', 'recommendation system', 'human judgment']
380379,precision,0.0,recall,0.0,['product features', 'product manufacturer', 'various product', 'such opinions', 'consumer opinions']
6330602,precision,0.0,recall,0.0,['representative image', 'image search', 'representative views', 'location-driven features', 'representative sets']
377638,precision,0.2,recall,0.09090909090909091,['web page', 'web browsing', 'non-visual web', 'web access', 'web-browser web']
68146,precision,0.2,recall,0.1,['bpel web', 'bpel specifications', 'web service', 'composite web', 'message content']
4326312,precision,0.0,recall,0.0,['important research', 'important factors', 'such important', 'particular pattern', 'web documents']
13023730,precision,0.0,recall,0.0,['privacy notion', 'user privacy', 'privacy constraint', 'bayes-optimal privacy', 'individual term']
96472,precision,0.2,recall,0.1111111111111111,['educational mediator', 'collaborative educational', 'universal ist', 'reusable educational', 'educational resources']
681261,precision,0.0,recall,0.0,['performance characteristics', 'anywhere√∂ access', 'performance improvements', 'access time', 'aggregate access']
13061989,precision,0.0,recall,0.0,['experimental results', 'relatedness function', 'model relatedness', 'unified relatedness', 'web services']
9452474,precision,0.2,recall,0.2,['multilingual topics', 'different languages', 'topic modeling', 'universal topics', 'multilingual web']
13190545,precision,0.0,recall,0.0,['inference algorithm', 'algorithms capable', 'news news', 'news clustering', 'temporal structure']
4503664,precision,0.0,recall,0.0,['semantic web', 'web service', 'sws environment', 'sws technologies', 'wsmx sws']
91646,precision,0.0,recall,0.0,['neoclassic reasoner', 'subsumption algorithm', 'structural subsumption', 'match categorization', 'system rankings']
4762660,precision,0.2,recall,0.16666666666666666,['quality ratings', 'theactual quality', 'monitoring mechanism', 'reputation mechanism', 'providersand clients']
66974,precision,0.4,recall,0.4,['response time', 'performs overload', 'web server', 'request scheduling', 'application server']
9413558,precision,0.0,recall,0.0,['query logs', 'real query', 'large query', 'search engines', 'search results']
812974,precision,0.0,recall,0.0,['topical trustrank', 'ranking algorithms', 'recent algorithm', 'spam web', 'engine ranking']
882702,precision,0.0,recall,0.0,['several browsers', 'policies web', 'web site', 'web applications', 'embedded policies']
13395437,precision,0.2,recall,0.2,['network data', 'similar attribute', 'social networks', 'attribute values', 'autocorrelated attribute']
769309,precision,0.0,recall,0.0,['quality model', 'quality aspects', 'end-to-end quality', 'actual quality', 'network technologies']
259989,precision,0.0,recall,0.0,['interaction management', 'management multimodal', 'interaction interfaces', 'mixed-initiative dialogs', 'web interaction']
555734,precision,0.0,recall,0.0,['logic reasoner', 'owl ontologies', 'debugging owl', 'debugging cues', 'hypertextual ontology']
11134938,precision,0.0,recall,0.0,['diverse users', 'noisy vocabulary', 'automatic folksonomy', 'folksonomy construction', 'reference taxonomy']
963138,precision,0.4,recall,0.3333333333333333,['learning content', 'ontology-based learning', 'learning object', 'content models', 'content repurposing']
10581378,precision,0.0,recall,0.0,['network cluster', 'network community', 'community quality', 'detecting clusters', 'community detection']
39868,precision,0.0,recall,0.0,['wireless clients', 'customizer applications', 'adaptive customizer', 'resource-limited client', 'client machines']
4284212,precision,0.2,recall,0.08333333333333333,['service consumers', 'service oriented', 'dynamic service', 'matching agreements', 'ws-agreement partner']
9748009,precision,0.0,recall,0.0,['queried question', 'recommending questions', 'other questions', 'real questions', 'good recommendation']
10514579,precision,0.4,recall,0.4,['language model', 'wikipedia vandalism', 'statistical language', 'model statistics', 'wikipedia articles']
11798933,precision,0.0,recall,0.0,['user interface', 'graphical web', 'breakpoints breakpoints', 'web page', 'firefox web']
9598425,precision,0.2,recall,0.25,['source intelligence', 'open source', 'analysis system', 'research work', 'world wide']
500235,precision,0.0,recall,0.0,['web pages', 'maximal fragments', 'fragments detected', 'flag fragments', 'manual fragmentation']
9466892,precision,0.0,recall,0.0,['computing devices', 'small devices', 'web residents', 'common physical', 'physical objects']
7819090,precision,0.4,recall,0.2222222222222222,['tag recommendation', 'recommendation strategies', 'users tags', 'tags photos', 'tag characterisation']
10074391,precision,0.0,recall,0.0,['candidate terms', 'relevant terms', 'informative samples', 'user relevance', 'relevance feedback']
14005258,precision,0.2,recall,0.2,['target concept', 'human wayfinding', 'information networks', 'human search', 'goal-directed human']
10924972,precision,0.0,recall,0.0,['recommendation recommender', 'recommender systems', 'next-basket recommendation', 'transition matrix', 'user-item preferences']
3922783,precision,0.0,recall,0.0,['semi-parallel search', 'problem modeling', 'propagation model', 'connection model', 'poor semi-parallel']
10461284,precision,0.0,recall,0.0,['rank information', 'different ranks', 'missing rank', 'different search', 'search results']
1217973,precision,0.5,recall,0.1111111111111111,['web-based personalization', 'interactive video']
431669,precision,0.0,recall,0.0,['web site', 'large web', 'web server', 'commercial web', 'web technologies']
13060679,precision,0.0,recall,0.0,['user search', 'user clicks', 'click-through behavior', 'examination hypothesis', 'intent hypothesis']
4284207,precision,0.5,recall,0.3333333333333333,['web services', 'automatic matchmaking']
11788753,precision,0.0,recall,0.0,['user population', 'select users', 'total user', 'independent sampling', 'enough uniformity']
527600,precision,0.0,recall,0.0,['web structure', 'e-government websites', 'uk site', 'office sites', 'government audit']
5643999,precision,0.2,recall,1.0,['search engine', 'engine switches', 'different engine', 'search experience', 'web search']
10048650,precision,0.2,recall,0.2,['management service', 'management systems', 'management framework', 'trust management', 'reputation management']
9063415,precision,0.0,recall,0.0,['techniques order', 'prioritization techniques', 'regression test', 'order test', 'test cases']
9172289,precision,0.0,recall,0.0,['cost-per-action mechanisms', 'compatible mechanisms', 'online advertising', 'utility functions', 'identically-distributed random']
13059932,precision,0.0,recall,0.0,['extraction problem', 'following problem', 'collective analysis', 'collective discovery', 'attribute values']
293077,precision,0.2,recall,0.16666666666666666,['museum collection', 'personalized museum', 'museum tours', 'museum web', 'recommender strategies']
1142421,precision,0.2,recall,0.1,['semantic web', 'web news', 'conceptual search', 'web pages', 'semantic indexing']
13059042,precision,0.2,recall,0.25,['relationship graphs', 'large-scale graph', 'entity ranking', 'entity relationship', 'user behavior']
11858468,precision,0.2,recall,0.25,['content short', 'content consumption', 'short urls', 'web usage', 'services such']
4419686,precision,0.2,recall,0.125,['presentation components', 'presentation layer', 'application integration', 'component model', 'ui integration']
95405,precision,0.2,recall,0.16666666666666666,['web browser', 'web content', 'point-and-click access', 'semantic web', 'point-and-click interfaces']
279164,precision,0.3333333333333333,recall,0.2,['internet usability', 'mobile internet', 'improving mobile']
66979,precision,0.4,recall,0.25,['control scheme', 'admission control', 'response time', 'predictable server', 'server response']
7176668,precision,0.0,recall,0.0,['semantic knowledge', 'wikipedia infoboxes', 'natural language', 'infobox ontology', 'infobox-class ontology']
4422416,precision,0.2,recall,0.16666666666666666,['web development', 'textual content', 'web page', 'web data', 'content distribution']
380453,precision,0.0,recall,0.0,['performance xml', 'xml parsers', 'xml screamer', 'high performance', 'xml parsing']
4185403,precision,0.2,recall,0.3333333333333333,['similarity calculation', 'similarity measurement', 'search engine', 'similarity spreading', 'web search']
3603843,precision,0.0,recall,0.0,['exponential process', 'intuitive explanation', 'author bias', 'databases dblp', 'author papers']
4381793,precision,0.0,recall,0.0,['inside developments', 'news affairs', 'news events', 'evolution graphs', 'directed graph']
9337434,precision,0.0,recall,0.0,['similarity measures', 'tag similarity', 'folksonomy-based similarity', 'emergent semantics', 'bookmarking systems']
275063,precision,0.0,recall,0.0,['pagerank algorithm', 'carlo algorithm', 'programming algorithm', 'simrank computation', 'personalized pagerank']
734068,precision,0.0,recall,0.0,['factor pagerank', 'pagerank value', 'pagerank derivatives', 'k-th iteration', 'iterated computation']
11275613,precision,0.0,recall,0.0,['tag path', 'distinct tag', 'path clustering', 'automatic methods', 'state-of-the-art methods']
10057112,precision,0.0,recall,0.0,['spreadsheet data', 'spreadsheet cells', 'popular spreadsheet', 'spreadsheet environment', 'spreadsheet presentation']
9019192,precision,0.2,recall,0.16666666666666666,['community evolution', 'meaningful communities', 'network data', 'matrix factorization', 'social network']
9524701,precision,0.2,recall,0.25,['social network', 'classification problem', 'user profiles', 'private user', 'private-profile users']
3942651,precision,0.0,recall,0.0,['memory space', 'bloom filters', 'large memory', 'approximate state', 'memory requirements']
13059044,precision,0.4,recall,1.0,['ambiguous\\/faceted queries', 'query logs', 'different possible', 'results diversification', 'search results']
4162302,precision,0.0,recall,0.0,['computer applications', 'in-class computer', 'computer monitors', 'computer resources', 'computer-aided learning']
4340570,precision,0.2,recall,0.5,['weighted tree', 'tree matching', 'matching metric', 'data extraction', 'record extraction']
1229684,precision,0.2,recall,0.25,['integrity constraints', 'schema statements', 'analogous statements', 'relational databases', 'ic satisfaction']
13059085,precision,0.4,recall,0.5,['label propagation', 'multiresolution coordinate-free', 'graph compression', 'social networks', 'millions nodes']
5930084,precision,0.0,recall,0.0,['user interests', 'user tags', 'user communities', 'common user', 'social interests']
9693036,precision,0.4,recall,0.4,['information propagation', 'information dissemination', 'social network', 'networking sites', 'popular photos']
4435465,precision,0.0,recall,0.0,['syndication approach', 'expressive syndication', 'web syndication', 'syndication architecture', 'syndication systems']
13063612,precision,0.2,recall,0.2,['content quality', 'segment content', 'query matches', 'main content', 'web page']
10563630,precision,0.2,recall,0.2,['real-time event', 'events such', 'event location', 'target event', 'event detection']
9319344,precision,0.2,recall,0.1111111111111111,['social network', 'networks such', 'traditional social', 'discussion threads', 'website slashdot']
9035229,precision,0.0,recall,0.0,['different graphs', 'document recommendation', 'different factorization', 'new recommendation', 'recommendation framework']
14265822,precision,0.0,recall,0.0,['favorable scenario', 'estimating set', 'storage space', 'set similarity', 'information retrieval']
4234260,precision,0.2,recall,0.25,['application developer', 'web application', 'engine development', 'template engines', 'engine designers']
32784,precision,0.0,recall,0.0,['link-based methods', 'text yield', 'statistical analysis', 'link graph', 'graph structure']
503869,precision,0.4,recall,0.2222222222222222,['web transport', 'transport layer', 'ietf transport', 'innovative transport', 'sctp design']
51476,precision,0.0,recall,0.0,['complex query', 'query facilities', 'rdf functionality', 'metadata schemas', 'extendable descriptions']
8185170,precision,0.2,recall,0.25,['authorship analysis', 'data clustering', 'world data', 'homogeneous data', 'experimental results']
10278781,precision,0.0,recall,0.0,['object views', 'objects shared', 'javascript objects', 'multiple views', 'document object']
1845167,precision,0.0,recall,0.0,['gnutella peer-to-peer', 'peer-to-peer network', 'gnutella-web gateway', 'test deployment', 'present access']
9919614,precision,0.0,recall,0.0,['twitter users', 'entire twitter', 'twitter site', 'user participation', 'quantitative study']
84940,precision,0.0,recall,0.0,['web graphs', 'webbase graph', 'webgraph framework', 'large web', 'compression techniques']
6158247,precision,0.0,recall,0.0,['baseline algorithms', 'ranking information', 'ranking function', 'ranking refinement', 'information retrieval']
1229683,precision,0.2,recall,0.3333333333333333,['structured objects', 'description graphs', 'modeling error', 'owl representation', 'class descriptions']
812969,precision,0.2,recall,0.16666666666666666,['spam pages', 'web pages', 'artificially-created pages', 'non-spam pages', 'certain pages']
9703157,precision,0.2,recall,0.2,['quality content', 'training process', 'quality estimation', 'question answering', 'reliable users']
1033807,precision,0.4,recall,0.4,['policy testing', 'mutation testing', 'test generation', 'automated testing', 'test inputs']
11796084,precision,0.2,recall,0.25,['web sources', 'source quality', 'source selection', 'source corruption', 'agreement graph']
101488,precision,0.2,recall,0.5,['repository interoperability', 'object repositories', 'service providers', 'digital repository', 'open network']
11841922,precision,0.2,recall,0.3333333333333333,['feedback query', 'query suggestion', 'relevant queries', 'popular\\/head queries', 'query logs']
4284206,precision,0.4,recall,0.6666666666666666,['service configurations', 'web service', 'optimal service', 'service selection', 'service offers']
3911283,precision,0.2,recall,0.3333333333333333,['application clusters', 'web applications', 'application instance', 'dynamic application', 'resource utilization']
3822664,precision,0.2,recall,0.3333333333333333,['keyword queries', 'query subscription', 'upload queries', 'prospective search', 'efficient query']
12003689,precision,0.2,recall,0.3333333333333333,['social relationships', 'social network', 'proximity geography', 'facebook social', 'located users']
16387,precision,0.2,recall,0.3333333333333333,['service advertisement', 'service descriptions', 'web services', 'service matchmaking', 'services technologies']
4260406,precision,0.2,recall,0.25,['online curriculum', 'e-learning online', 'group knowledge', 'first online', 'semantic web']
16706,precision,0.2,recall,0.2,['web resources', 'virtual web', 'physical hyperlinks', 'virtual resources', 'physical world']
380451,precision,0.2,recall,0.3333333333333333,['xml schema', 'xml documents', 'way xml', 'document type', 'typing mechanism']
4440031,precision,0.0,recall,0.0,['modeling user', 'user behavior', 'user purchase', 'recommender system', 'user interests']
4447492,precision,0.0,recall,0.0,['service discovery', 'p2p service', 'semantic service', 'service operation', 'service link']
91138,precision,0.2,recall,0.2,['web accessibility', 'view web', 'web content', 'content developers', 'complementary approach']
7385442,precision,0.2,recall,0.3333333333333333,['security guarantees', 'secure server-side', 'security vulnerabilities', 'useful security', 'web application']
4634522,precision,0.0,recall,0.0,['structure range', 'path structures', 'structure matching', 'fuzzy content', 'textual contents']
11807460,precision,0.0,recall,0.0,['account features', 'machine-learning techniques', 'analysis techniques', 'large-scale analysis', 'malicious pages']
4513151,precision,0.2,recall,0.25,['tag cloud', 'annotation data', 'large annotation', 'social annotation', 'annotation sets']
21580,precision,0.0,recall,0.0,['query language', 'web api', 'owl reasoning', 'web recommendations', 'owl full']
11277694,precision,0.2,recall,0.5,['graph structure', 'network structure', 'structure information', 'link recommendation', 'attribute information']
9128408,precision,0.2,recall,0.2,['network community', 'network generation', 'social networks', 'commonly-used network', 'real-world networks']
4629357,precision,0.2,recall,0.14285714285714285,['logic specifications', 'temporal logic', 'frames behavior', 'behavior specifications', 'web documents']
10525045,precision,0.0,recall,0.0,['data structure', 'expressive data', 'complex data', 'data objects', 'programming model']
796357,precision,0.2,recall,0.2,['network application', 'network measurement', 'web applications', 'applications such', 'measurement infrastructure']
239996,precision,0.4,recall,0.5,['fundamental query', 'query containment', 'xquery containment', 'user queries', 'response time']
4336366,precision,0.0,recall,0.0,['class attributes', 'class label', 'specification page', 'web page', 'unsupervised method']
7345863,precision,0.0,recall,0.0,['control tools', 'web development', 'web version', 'web documents', 'web objects']
681303,precision,0.2,recall,0.16666666666666666,['hyperlink structure', 'similarity information', 'algorithms scalable', 'similarity search', 'search algorithms']
9337801,precision,0.0,recall,0.0,['web traffic', 'web applications', 'p2p traffic', 'internet traffic', 'p2p applications']
3953179,precision,0.0,recall,0.0,['tree alignment', 'data records', 'partial tree', 'web data', 'segment data']
11714006,precision,0.2,recall,0.16666666666666666,['kiwi query', 'languages kwql', 'query language', 'language kiwi', 'keyword-based kiwi']
13240315,precision,0.0,recall,0.0,['tag semantics', 'emerging semantic', 'resulting semantics', 'semantic structures', 'semantic development']
4332137,precision,0.2,recall,0.2,['web search', 'p2p web', 'efficient search', 'overlay networks', 'search mechanisms']
97953,precision,0.2,recall,0.25,['content structure', 'page segmentation', 'web page', 'segmentation method', 'semantic content']
9524697,precision,0.0,recall,0.0,['networking data', 'social networking', 'many users', 'such inference', 'private information']
309782,precision,0.2,recall,0.16666666666666666,['semantic search', 'keyword-based search', 'search capabilities', 'complex search', 'search requests']
3801417,precision,0.0,recall,0.0,['annotation tags', 'tagging approach', 'personalized tags', 'automatic tagging', 'such tags']
9920535,precision,0.0,recall,0.0,['search ad', 'page content', 'ad selection', 'ad context', 'ad retrieval']
86329,precision,0.0,recall,0.0,['document version', 'file version', 'version history', 'past versions', 'specific version']
10414735,precision,0.4,recall,0.5,['social search', 'search engine', 'search terms', 'faceted search', 'applications such']
7821111,precision,0.0,recall,0.0,['sparql rules', 'rdf graphs', 'networked graphs', 'other graphs', 'rdf data']
13064535,precision,0.0,recall,0.0,['audio content', 'web search', 'content search', 'audio document', 'particular audio']
3613072,precision,0.0,recall,0.0,['full-text query', 'full-text language', 'xquery full-text', 'full-text search', 'reference implementation']
5215473,precision,0.4,recall,0.3333333333333333,['search engine', 'expressive semantics', 'eigenvector-based model', 'searching flash', 'analysis method']
5808407,precision,0.0,recall,0.0,['massive graphs', 'dense communities', 'artificial communities', 'community watch', 'scalable algorithm']
11628441,precision,0.4,recall,0.3333333333333333,['social networks', 'review quality', 'social context', 'review text', 'review helpfulness']
178963,precision,0.0,recall,0.0,['rankboost algorithm', 'ranking features', 'crucial information', 'different modalities', 'learning problem']
9942031,precision,0.2,recall,0.14285714285714285,['optimization problem', 'supermodular problem', 'limitation problem', 'complete data', 'social network']
4095236,precision,0.2,recall,0.25,['web modeling', 'internet applications', 'modeling language', 'single modeling', 'conceptual modeling']
11134936,precision,0.0,recall,0.0,['learned folksonomy', 'state-of-the-art folksonomy', 'approach clusters', 'structured metadata', 'directory project']
4442736,precision,0.2,recall,0.5,['favorable performance', 'novel approach', 'transportation similarity', 'document similarity', 'data sets']
706774,precision,0.0,recall,0.0,['entire files', 'substring caching', 'repeated transmission', 'protocol optimizations', 'hierarchical substring']
4030772,precision,0.2,recall,0.2,['web graph', 'web graphical', 'web pages', 'thelarger web', 'web projections']
336149,precision,0.2,recall,0.5,['online ontologies', 'ontology construction', 'indexing ontologies', 'search engines', 'such reuse']
7243680,precision,0.0,recall,0.0,['straightforward application', 'well-understood domain', 'observation users', 'process requests', 'performance parsers']
9090671,precision,0.0,recall,0.0,['original query', 'sparql query', 'query languages', 'web query', 'meta knowledge']
183,precision,0.0,recall,0.0,['reputation system', 'reputation management', 'p2p networks', 'global trust', 'networks peer-to-peer']
464366,precision,0.4,recall,0.4,['application data', 'data replication', 'autonomic data', 'web applications', 'autonomic replication']
7718394,precision,0.0,recall,0.0,['application data', 'data interdependencies', 'service-oriented data', 'independent data', 'data services']
7273113,precision,0.2,recall,0.25,['exclusion protocol', 'robots exclusion', 'txt file', 'txt usage', 'particular search']
4363952,precision,0.0,recall,0.0,['wifi network', 'network planning', 'network topology', 'such networks', 'network performance']
251909,precision,0.2,recall,0.25,['web design', 'web pages', 'web sites', 'web engineering', 'design process']
10946910,precision,0.2,recall,0.2,['style discrepancy', 'language style', 'language models', 'different language', 'scale language']
858389,precision,0.2,recall,0.125,['sql injection', 'exploitable sql', 'vulnerable web', 'security vulnerabilities', 'xss vulnerabilities']
285729,precision,0.0,recall,0.0,['search query', 'search results', 'pagerank vectors', 'particular search', 'topic-sensitive pagerank']
125048,precision,0.0,recall,0.0,['rdf graphs', 'specific graphs', 'graphs nameable', 'rdf statements', 'many rdf']
13526048,precision,0.0,recall,0.0,['overall performance', 'high effectiveness', 'link information', 'baseline methods', 'algorithm initrank']
9061374,precision,0.0,recall,0.0,['abstract processes', 'executable process', 'ws-bpel processes', 'abstract ws-bpel', 'business processes']
13545447,precision,0.0,recall,0.0,['general framework', 'security framework', 'detection model', 'online clustering', 'streaming data']
4036152,precision,0.0,recall,0.0,['new page', 'new content', 'toyield links', 'new contenton', 'new contentis']
9098177,precision,0.0,recall,0.0,['effective search', 'effective unified', 'xml documents', 'heterogenous data', 'heterogeneous xml']
10633510,precision,0.0,recall,0.0,['mining technique', 'association mining', 'tags annotated', 'new tag', 'tag ranking']
5170182,precision,0.6,recall,0.75,['index caching', 'index compression', 'inverted index', 'list caching', 'compression algorithms']
4001084,precision,0.0,recall,0.0,['user locations', 'anonymityof users', 'mobile users', 'themobile users', 'numerous users']
10477594,precision,0.0,recall,0.0,['minimum bid', 'other advertisements', 'online advertising', 'advertising audience', 'other winners']
4786762,precision,0.0,recall,0.0,['bidding algorithms', 'bidding strategies', 'budget-constrained bidding', 'bidding performance', 'bidding optimization']
89015,precision,0.4,recall,0.5,['cyberdrama generation', 'interactive cyberdrama', 'digital generation', 'interactive storytelling', 'main novelty']
13063481,precision,0.0,recall,0.0,['similarity search', 'local search', 'similarity measures', 'generic similarity', 'certain similarity']
823225,precision,0.0,recall,0.0,['software engineering', 'ontology tools', 'engineering techniques', 'ontology reasoners', 'web ontologies']
4390411,precision,0.2,recall,0.25,['request termination', 'request patterns', 'long requests', 'client request', 'early request']
14316718,precision,0.0,recall,0.0,['mechanism designer', 'received contributions', 'optimal rewards', 'implement optimal', 'optimal outcomes']
4219664,precision,0.0,recall,0.0,['privacy attacks', 'web privacy', 'browser state', 'unavoidable consequence', 'persistent browser']
6009841,precision,0.4,recall,0.6666666666666666,['user navigation', 'faceted browser', 'open information', 'information spaces', 'information retrieval']
10030413,precision,0.0,recall,0.0,['community recommendations', 'recommendation lists', 'recommendation task', 'top-k recommendations', 'recommendations metric']
7029529,precision,0.2,recall,0.16666666666666666,['keyword advertisements', 'search keyword', 'search advertising', 'different keywords', 'advertisers bid']
11338040,precision,0.0,recall,0.0,['sentiment data', 'different domain', 'target domain', 'source domain', 'cross-domain data']
11556066,precision,0.0,recall,0.0,['significant time', 'webpage layout', 'new algorithms', 'parallel webpage', 'layout problem']
95980,precision,0.2,recall,0.2,['xml xml', 'xml repositories', 'event-condition-action language', 'xml setting', 'repository statistics']
6153556,precision,0.0,recall,0.0,['chemical formulae', 'formula search', 'index chemical', 'extract chemical', 'trade-off tuning']
91382,precision,0.0,recall,0.0,['claimaker model', 'graph model', 'new claims', 'claimaker system', 'new findings']
9123640,precision,0.2,recall,0.16666666666666666,['network system', 'experimental results', 'researcher profiles', 'social network', 'main features']
979879,precision,0.4,recall,0.16666666666666666,['search results', 'relevance model', 'association searches', 'semantic association', 'relationship search']
4610321,precision,0.4,recall,0.3333333333333333,['functional xml', 'functional programming', 'well-understood functional', 'powerful functional', 'semantic web']
4061779,precision,0.0,recall,0.0,['class labels', 'similar classes', 'labeled documents', 'document taxonomies', 'technique groups']
9630659,precision,0.0,recall,0.0,['user privacy', 'user transitions', 'unique user', 'privacy preserving', 'optimize-and-dispatch approach']
4332212,precision,0.4,recall,0.3333333333333333,['topic models', 'topic sentiment', 'sentiment models', 'sentiment mixture', 'topical facets']
11108002,precision,0.0,recall,0.0,['user-generated content', 'high-quality user', 'high-quality user-generated', 'quality ugc', 'quality contributions']
13062406,precision,0.4,recall,0.6666666666666666,['interest space', 'social network', 'recent model', 'affiliation networks', 'natural local']
3311689,precision,0.0,recall,0.0,['foundation classes', 'java foundation', 'thin-client applications', 'network-centric applications', 'web applications']
4535840,precision,0.2,recall,0.25,['services service', 'main approach', 'web services', 'service oriented', 'conversation-based web']
107722,precision,0.0,recall,0.0,['dynamic web', 'web data', 'adaptive push-pull']
4493351,precision,0.2,recall,0.14285714285714285,['summary set', 'photo sets', 'summary algorithm', 'geo-referenced photos', 'geo-referenced photographs']
7839955,precision,0.0,recall,0.0,['tag semantics', 'event semantics', 'flickr tag', 'metadata patterns', 'photo sharing']
9650811,precision,0.4,recall,0.6666666666666666,['anchor text', 'query terms', 'navigational queries', 'query type', 'query classification']
4376929,precision,0.0,recall,0.0,['user groups', 'similar preference', 'user community', 'item groups', 'item community']
4859597,precision,0.0,recall,0.0,['application designer', 'design philosophy', 'driven design', 'model driven', 'web applications']
10606830,precision,0.0,recall,0.0,['privacy wizards', 'privacy settings', 'privacy preference', 'networking privacy', 'detailed privacy']
10631238,precision,0.0,recall,0.0,['machine-learning techniques', 'code javascript', 'normal javascript', 'malicious javascript', 'javascript language']
11701167,precision,0.0,recall,0.0,['focused crawlers', 'structure-based crawler', 'web crawlers', 'crawler generator', 'easy crawler']
87487,precision,0.4,recall,0.5,['xml programming', 'programming language', 'xml schema', 'xml protocol', 'web service']
3599703,precision,0.0,recall,0.0,['core component', 'limit pagerank', 'ranking scheme', 'meaningless value', 'meaningful values']
73158,precision,0.4,recall,0.4,['semantic relationships', 'semantic link', 'semantic web', 'automatic semantic', 'relationships discovery']
752964,precision,0.2,recall,0.16666666666666666,['recommendation lists', 'recommender systems', 'recommendation data', 'individual recommendations', 'book recommendation']
11418806,precision,0.0,recall,0.0,['topic descriptions', 'search queries', 'representative topic', 'real queries', 'trec queries']
377510,precision,0.5,recall,0.1,['access control', 'soap e-services']
11792499,precision,0.2,recall,0.5,['activity recommendations', 'location data', 'locations such', 'interesting locations', 'many location']
3676187,precision,0.2,recall,0.16666666666666666,['page classification', 'web pages', 'web query', 'classification performance', 'web-page classification']
355688,precision,0.4,recall,0.5,['object retrieval', 'information retrieval', 'web object', 'object level', 'structured object']
571354,precision,0.0,recall,0.0,['web-based multimedia', 'generation web-based', 'third generation']
7111844,precision,0.0,recall,0.0,['ad impressions', 'ad network', 'individual ads', 'ad placement', 'real-world ad']
4644604,precision,0.0,recall,0.0,['search users', 'search engine', 'web search', 'automatic search', 'chinese search']
11631791,precision,0.2,recall,0.3333333333333333,['result summary', 'google web', 'result attractiveness', 'bias effects', 'presentation bias']
92127,precision,0.2,recall,0.06666666666666667,['expressive fragment', 'dlp fragment', 'rdf-schema fragment', 'rule kr', 'description logic']
11850677,precision,0.4,recall,0.5,['image re-ranking', 'image search', 'search results', 'image rankers', 'query-dependent image']
5125677,precision,0.2,recall,0.25,['service parameters', 'web service', 'computational overhead', 'service providers', 'changed information']
4436943,precision,0.2,recall,0.5,['first-order focused', 'focused web', 'focused crawling', 'unvisited pages', 'first-order classification']
11876537,precision,0.0,recall,0.0,['browsing experience', 'overall browsing', 'video content', 'end users', 'x. our']
4688448,precision,0.0,recall,0.0,['many forms', 'frameworkwhereby crawlers', 'adaptive crawlers', 'web pages', 'hidden-web sources']
638237,precision,0.0,recall,0.0,['similarity queries', 'answering similarity', 'peer-to-peer networks']
7834486,precision,0.0,recall,0.0,['route control', 'control mechanisms', 'control technology', 'anycast mechanism', 'ip anycast']
13060669,precision,0.2,recall,0.16666666666666666,['network edges', 'network growth', 'twitter relationships', 'social network', 'network snapshots']
13063697,precision,0.4,recall,0.6666666666666666,['evaluation time', 'sparql query', 'sparql views', 'conjunctive query', 'equivalent queries']
13109,precision,0.0,recall,0.0,['page structure', 'web page', 'page adaptation', 'small-form-factor device', 'mobile device']
1227358,precision,0.0,recall,0.0,['fluid annotations', 'annotation techniques', 'powerful annotation', 'recently-developed fluid', 'fluid open']
3944939,precision,0.0,recall,0.0,['medical search', 'search results', 'specialized search', 'diversified search', 'medical information']
8158094,precision,0.0,recall,0.0,['libraries figures', 'image features', 'categorize figures', 'predefined types', 'digital libraries']
1059530,precision,0.0,recall,0.0,['assessment data', 'longitudinal data', 'data analysis', 'student knowledge', 'student learning']
825450,precision,0.0,recall,0.0,['knowledge modeling', 'biological ontologies', 'ontologies high', 'ontology schemas', 'complex ontologies']
102635,precision,0.5,recall,0.5,['wide web', 'arbitrary predicates', 'world wide', 'intelligent crawling']
4587855,precision,0.0,recall,0.0,['online communities', 'active communities', 'online forums', 'active contributions', 'active participation']
285980,precision,1.0,recall,0.2,['active learning']
11820997,precision,0.3333333333333333,recall,0.25,['video sharing', 'sharing workloads', 'web-based video']
9848499,precision,0.0,recall,0.0,['user-related data', 'various web', 'user-related information', 'data gathering', 'web sites']
11848994,precision,0.2,recall,0.25,['faculty member', 'member homepage', 'entity-page discovery', 'same type', 'web structure']
40426,precision,0.0,recall,0.0,['extrapolation methods', 'pagerank algorithm', 'power method', 'quadratic extrapolation', 'fast method']
4539766,precision,0.0,recall,0.0,['tree patterns', 'tree structure', 'frequent tree', 'xml data', 'data structure']
13526913,precision,0.0,recall,0.0,['other approach', 'javascript engine', 'javascript interactions', 'web applications', 'co-browsing solution']
13062191,precision,0.4,recall,0.6666666666666666,['query templates', 'query recommendation', 'long-tail queries', 'rare query', 'particular query']
13064296,precision,0.0,recall,0.0,['distinct datasets', 'information spreading', 'context information', 'forward information', 'information flow']
4750029,precision,0.0,recall,0.0,['pagerank algorithm', 'powerrank algorithm', 'analysis algorithm', 'web pages', 'powerrank web']
9944113,precision,0.2,recall,0.3333333333333333,['graph model', 'graph datasets', 'measurement-calibrated graph', 'social graphs', 'synthetic graphs']
10119,precision,0.0,recall,0.0,['services web', 'composite services', 'service simulation', 'services tasks', 'service descriptions']
740593,precision,0.0,recall,0.0,['web navigation', 'web pages', 'navigation actions√∂', 'important navigation', 'non-scrolling web']
